customerID,split,export_row
7590-VHVEG,train,3618
5575-GNVDE,train,2069
3668-QPYBK,train,3794
7795-CFOCW,train,3692
9237-HQITU,train,4813
9305-CDSKC,train,995
1452-KIOVK,test,1307
6713-OKOMC,test,415
7892-POOKP,train,1300
6388-TABGU,test,214
9763-GRSKD,train,5015
7469-LKBCI,train,18
8091-TTVAX,train,3707
0280-XJGEX,train,2256
5129-JLPIS,test,392
3655-SNQYZ,train,864
8191-XWSZG,train,1853
9959-WOFKT,train,1687
4190-MFLUW,test,677
4183-MYFRB,train,4067
8779-QRDMV,train,3993
1680-VDCWW,train,5196
1066-JKSGK,train,2909
3638-WEABW,train,1898
6322-HRPFA,test,631
6865-JZNKO,train,1385
6467-CHFZW,train,922
8665-UTDHZ,train,362
5248-YGIJN,train,2025
8773-HHUOZ,train,2878
3841-NFECX,train,956
4929-XIHVW,train,2284
6827-IEAUQ,train,4249
7310-EGVHZ,train,590
3413-BMNZE,train,4274
6234-RAAPL,train,2865
6047-YHPVI,test,1288
6572-ADKRS,train,2115
5380-WJKOV,test,818
8168-UQWWF,train,3067
8865-TNMNX,train,4608
9489-DEDVP,train,441
9867-JCZSP,train,3615
4671-VJLCL,train,2085
4080-IIARD,train,4422
3714-NTNFO,train,5148
5948-UJZLF,train,5014
7760-OYPDY,train,5461
7639-LIAYI,train,2879
2954-PIBKO,test,1069
8012-SOUDQ,train,3400
9420-LOJKX,test,389
6575-SUVOI,train,3880
7495-OOKFY,test,1379
4667-QONEA,train,912
1658-BYGOY,train,4655
8769-KKTPH,train,3073
5067-XJQFU,train,4330
3957-SQXML,train,5614
5954-BDFSG,train,1900
0434-CSFON,train,309
1215-FIGMP,train,577
0526-SXDJP,train,4011
0557-ASKVU,train,4529
5698-BQJOH,test,1127
5122-CYFXA,train,4036
8627-ZYGSZ,train,972
3410-YOQBQ,train,3365
3170-NMYVV,train,2305
7410-OIEDU,train,5217
2273-QCKXA,train,4007
0731-EBJQB,train,2438
1891-QRQSA,train,4619
8028-PNXHQ,test,602
5630-AHZIL,test,1363
2673-CXQEU,train,3156
6416-JNVRK,train,3901
5590-ZSKRV,train,2451
0191-ZHSKZ,train,1774
3887-PBQAO,train,2549
5919-TMRGD,train,903
8108-UXRQN,train,3071
9191-MYQKX,train,2948
9919-YLNNG,train,4819
0318-ZOPWS,train,1326
4445-ZJNMU,test,604
4808-YNLEU,train,3217
1862-QRWPE,test,1282
2796-NNUFI,train,3313
3016-KSVCP,train,1699
4767-HZZHQ,train,5544
2424-WVHPL,train,3793
7233-PAHHL,train,3808
6067-NGCEU,train,5066
9848-JQJTX,train,552
8637-XJIVR,train,5032
9803-FTJCG,train,2265
0278-YXOOG,train,4949
3212-KXOCR,train,4131
4598-XLKNJ,train,2494
6380-ARCEH,train,4624
3679-XASPY,test,527
7123-WQUHX,train,4879
5386-THSLQ,train,2607
3192-NQECA,train,1850
6180-YBIQI,train,302
6728-DKUCO,train,5143
9750-BOOHV,train,2755
8597-CWYHH,train,4909
2848-YXSMW,train,2387
0486-HECZI,test,147
4549-ZDQYY,train,4414
5712-AHQNN,train,5530
4846-WHAFZ,test,707
5256-SKJGO,train,3110
3071-VBYPO,train,3991
9560-BBZXK,train,3709
5299-RULOA,train,2403
8402-OOOHJ,train,2282
9445-ZUEQE,train,1406
1091-SOZGA,train,970
2928-HLDBA,train,3277
0404-SWRVG,train,5204
6497-TILVL,test,63
7219-TLZHO,train,3184
4622-YNKIJ,train,4197
4412-YLTKF,test,826
6734-PSBAW,train,2116
3930-ZGWVE,test,855
2639-UGMAZ,train,5372
2876-GZYZC,train,5208
6207-WIOLX,train,1941
8587-XYZSF,train,5453
3091-FYHKI,train,1371
2372-HWUHI,train,3511
7799-LGRDP,train,5346
7850-VWJUU,train,1201
3774-VBNXY,train,3344
6217-KDYWC,train,5490
0390-DCFDQ,test,1233
3146-MSEGF,train,1653
4080-OGPJL,train,2971
1095-WGNGG,train,3948
2636-SJDOU,train,2747
1131-QQZEB,train,1984
5716-EZXZN,train,3666
6837-BJYDQ,train,2928
2135-RXIHG,train,4686
6440-DKQGE,train,3326
3466-BYAVD,train,147
3780-YVMFA,test,237
3874-EQOEP,train,3439
1679-JRFBR,train,4702
9073-ZZIAY,test,1401
3077-RSNTJ,test,672
6551-GNYDG,train,81
9167-APMXZ,test,565
2749-CTKAJ,train,5527
6371-NZYEG,train,1429
7554-NEWDD,train,2210
8992-VONJD,train,5205
0867-MKZVY,train,5607
4482-EWFMI,train,1054
4648-YPBTM,test,795
2907-ILJBN,test,759
6345-FZOQH,test,428
3376-BMGFE,train,3487
5997-OPVFA,train,2866
3445-HXXGF,train,493
1159-WFSGR,train,1504
7654-YWJUF,test,1183
1875-QIVME,train,3568
6727-IOTLZ,train,3462
0691-JVSYA,train,2274
5918-VUKWP,train,2312
1744-JHKYS,test,1177
2656-FMOKZ,train,4884
2070-FNEXE,test,1347
5947-SGKCL,train,1196
3712-PKXZA,train,1838
6317-YPKDH,test,157
6582-OIVSP,train,1806
9367-WXLCH,train,1713
5524-KHNJP,test,420
1918-ZBFQJ,train,4423
1024-GUALD,test,114
4827-USJHP,train,2313
8167-GJLRN,train,5252
0956-SYCWG,train,448
8017-UVSZU,train,7
7100-FQPRV,train,671
2472-OVKUP,train,4313
2984-RGEYA,test,837
9680-NIAUV,train,681
2146-EGVDT,train,2188
2604-IJPDU,test,174
9178-JHUVJ,train,4424
6168-YBYNP,train,1492
7255-SSFBC,train,3226
3645-DEYGF,train,4049
9323-HGFWY,train,2738
8544-GOQSH,train,5393
3363-DTIVD,train,4842
7018-WBJNK,test,102
9142-KZXOP,train,3227
7674-YTAFD,train,2600
6348-SNFUS,train,1917
1285-OKIPP,train,749
7825-ECJRF,train,485
1347-KTTTA,train,1298
7841-TZDMQ,train,1500
4195-NZGTA,train,3252
7157-SMCFK,test,610
4709-LKHYG,test,1162
2504-DSHIH,train,3214
0699-NDKJM,train,1765
9286-BHDQG,test,1124
0230-WEQUW,train,526
2040-LDIWQ,train,3686
6496-JDSSB,train,5357
9408-SSNVZ,train,3051
4443-EMBNA,train,376
6469-MRVET,train,883
0742-MOABM,test,183
5961-VUSRV,train,3520
6778-JFCMK,train,3798
6341-JVQGF,train,769
2232-DMLXU,train,2084
4811-JBUVU,train,4848
0945-TSONX,train,4119
2651-ZCBXV,train,4173
3316-UWXUY,train,3806
8937-RDTHP,train,2407
7083-MIOPC,train,2448
1984-GPTEH,train,3441
1251-KRREG,train,2213
0621-JFHOL,train,5017
9903-LYSAB,train,4465
0094-OIFMO,train,923
9227-UAQFT,train,3150
7301-ABVAD,train,5178
6614-FHDBO,train,2398
7576-ASEJU,train,2723
9058-HRZSV,train,2646
4522-AKYLR,train,295
0221-WMXNQ,train,1866
0303-UNCIP,train,330
9947-OTFQU,train,4648
0322-YINQP,train,1791
0959-WHOKV,test,1169
4075-JFPGR,test,1028
4629-NRXKX,train,2604
9514-JDSKI,train,2419
3282-ZISZV,train,2336
3675-YDUPJ,train,4916
4111-BNXIF,train,4095
7017-VFHAY,train,4335
6655-LHBYW,train,5381
4959-JOSRX,train,5257
5046-NUHWD,train,3665
7273-TEFQD,test,567
3606-TWKGI,train,2998
7529-ZDFXI,test,834
7605-BDWDC,train,719
1950-KSVVJ,train,1746
0123-CRBRT,test,897
6292-TOSSS,test,570
3197-ARFOY,test,1126
6323-AYBRX,train,4030
7014-ZZXAW,train,2126
4385-GZQXV,train,3033
7633-MVPUY,train,868
6366-ZGQGL,train,222
4716-HHKQH,train,593
5940-AHUHD,train,2950
6432-TWQLB,train,3818
4484-GLZOU,train,3932
3179-GBRWV,test,876
8645-KWHJO,train,5049
4130-MZLCC,train,753
0314-TKOSI,train,1292
8229-MYEJZ,train,3815
2080-SRCDE,train,102
9577-WJVCQ,train,3582
9512-UIBFX,test,1157
6202-DYYFX,train,2270
3808-HFKDE,train,2032
5583-SXDAG,train,5222
3488-PGMQJ,train,71
3580-REOAC,train,1266
7534-BFESC,test,72
3727-OWVYD,train,1770
2294-SALNE,train,1028
4847-TAJYI,train,2667
1563-IWQEX,train,2335
8203-XJZRC,train,283
6556-DBKZF,train,2888
6851-WEFYX,train,3792
2985-JUUBZ,train,2574
6390-DSAZX,train,2144
0895-LMRSF,test,133
8098-LLAZX,train,525
8266-VBFQL,test,310
8181-YHCMF,test,1237
2240-HSJQD,train,5557
1248-DYXUB,train,5126
0265-EDXBD,train,4613
4115-BNPJY,train,2036
3167-SNQPL,train,3638
4091-TVOCN,train,1227
1098-TDVUQ,train,4791
7277-OZCGZ,test,377
1557-EMYVT,train,4628
2799-ARNLO,train,5575
7563-BIUPC,train,5537
5027-YOCXN,test,560
3973-SKMLN,train,5455
2321-OMBXY,train,3248
2840-XANRC,train,5495
6745-JEFZB,train,3154
5020-ZSTTY,train,4452
9880-TDQAC,train,4527
8705-WZCYL,train,3746
7102-JJVTX,train,3481
8626-PTQGE,test,1260
4983-CLMLV,test,1291
5701-YVSVF,train,1821
5804-LEPIM,train,1083
5697-GOMBF,train,17
2739-CACDQ,train,1685
9385-EHGDO,train,2536
9498-FIMXL,train,1985
2379-GYFLQ,train,767
0122-OAHPZ,train,3938
2868-SNELZ,train,1936
4322-RCYMT,train,4803
6680-NENYN,train,4929
2088-IEBAU,test,1392
7982-VCELR,train,5114
1343-EHPYB,train,3195
6035-BXTTY,train,4094
6885-PKOAM,train,5459
7520-HQWJU,test,186
9639-BUJXT,train,800
5924-SNGKP,test,498
0021-IKXGC,train,2801
2034-GDRCN,test,34
8966-SNIZF,train,5330
6243-OZGFH,train,5355
4654-DLAMQ,train,4117
0513-RBGPE,test,505
5160-UXJED,train,3856
4115-NZRKS,test,229
0219-YTZUE,train,5248
0623-IIHUG,train,4635
4572-DVCGN,train,858
3351-NGXYI,train,4159
8984-EYLLL,train,463
9057-MSWCO,train,4974
9833-TGFHX,train,3633
9294-TDIPC,train,3624
5229-DTFYB,train,2325
0104-PPXDV,train,5011
5176-LMJXE,train,4267
3583-KRKMD,train,2765
1010-DIAUQ,train,3526
9069-LGEUL,train,3926
7302-ZHMHP,train,2900
9571-EDEBV,train,4545
3520-FJGCV,train,975
6563-VRERX,train,3351
0259-GBZSH,train,4022
6122-EFVKN,train,1352
2805-EDJPQ,train,5339
6862-CQUMB,train,3690
7156-MXBJE,train,5584
6158-HDPXZ,test,712
9601-BRXPO,train,5337
2863-IMQDR,train,4692
5686-CMAWK,train,1432
5651-CRHKQ,train,611
6905-NIQIN,train,1852
8204-YJCLA,train,882
5167-ZFFMM,test,872
6583-SZVGP,test,982
4895-TMWIR,train,1732
0533-BNWKF,train,1783
1708-PBBOA,train,798
8782-LKFPK,train,4539
5522-JBWMO,train,5417
3597-MVHJT,train,4122
9774-NRNAU,train,2775
0224-RLWWD,train,5313
9967-ATRFS,train,180
3951-NJCVI,train,3887
2977-CEBSX,train,3139
0177-PXBAT,train,4482
6599-CEBNN,train,1250
2519-ERQOJ,train,1496
5876-QMYLD,train,4135
2277-AXSDC,train,3169
9442-JTWDL,train,5207
0979-PHULV,test,139
3067-SVMTC,train,151
5495-GPSRW,test,430
7606-BPHHN,test,793
4742-DRORA,train,5494
0111-KLBQG,train,4544
4800-VHZKI,train,3944
7989-CHGTL,train,4944
0334-GDDSO,train,2103
4163-NCJAK,train,1349
5233-AOZUF,train,4196
5973-EJGDP,train,4458
1996-DBMUS,train,373
7916-VCCPB,train,2532
4686-GEFRM,train,326
5249-QYHEX,train,2176
0578-SKVMF,train,2633
5564-NEMQO,train,1716
2233-FAGXV,train,4235
5605-IYGFG,train,2850
7663-ZTEGJ,train,2046
3935-TBRZZ,train,4284
8111-BKVDS,train,1885
2055-SIFSS,train,3340
2806-MLNTI,train,4392
8734-DKSTZ,train,2689
4360-PNRQB,test,658
6152-ONASV,train,1688
9063-ZGTUY,train,2792
7781-HVGMK,train,4147
2181-UAESM,train,3127
2957-LOLHO,train,1778
6048-NJXHX,train,4112
2320-SLKMB,train,1682
4980-URKXC,train,3273
4376-KFVRS,test,0
5886-VLQVU,train,3975
3577-AMVUX,train,322
0771-WLCLA,train,4843
5628-RKIFK,train,651
0206-TBWLC,train,1440
2937-FTHUR,train,1271
1910-FMXJM,train,5358
7752-XUSCI,train,1643
4110-PFEUZ,train,3002
0732-OCQOC,test,624
5168-MSWXT,train,2941
1090-ESELR,test,1128
8592-PLTMQ,train,5418
5760-WRAHC,train,5240
8847-GEOOQ,train,1142
0256-LTHVJ,test,478
4785-FCIFB,test,554
8313-NDOIA,train,4333
5149-CUZUJ,train,2160
0942-KOWSM,train,3838
4237-CLSMM,test,657
1452-VOQCH,train,2995
4719-UMSIY,train,1564
6614-VBEGU,train,4120
0880-TKATG,train,1329
3811-VBYBZ,train,1723
1480-BKXGA,train,2777
2996-XAUVF,train,166
9076-AXYIK,train,981
5968-XQIVE,train,3442
8896-RAZCR,train,3411
4640-UHDOS,test,731
4933-IKULF,train,2425
3583-EKAPL,train,4852
1304-BCCFO,train,4701
4104-PVRPS,train,4899
9399-APLBT,train,1033
2359-KMGLI,train,4236
3780-DDGSE,test,577
4431-EDMIQ,train,3473
0306-JAELE,train,29
6227-HWPWX,test,497
0486-LGCCH,train,2650
0447-BEMNG,test,1362
4612-SSVHJ,train,3678
5168-MQQCA,train,5499
5949-XIKAE,train,5078
7971-HLVXI,test,15
9094-AZPHK,train,2026
3649-JPUGY,test,617
4472-LVYGI,train,4710
8372-JUXUI,train,4091
3552-CTCYF,train,1240
6778-YSNIH,train,2001
0388-EOPEX,test,266
5756-OZRIO,train,4715
6579-JPICP,train,4603
8205-OTCHB,train,4123
4134-BSXLX,train,4555
0505-SPOOW,train,4705
6235-VDHOM,train,4350
7783-YKGDV,train,5210
4374-YMUSQ,train,856
4513-CXYIX,train,4384
3957-HHLMR,train,3644
7803-XOCCZ,test,1264
5736-YEJAX,train,2664
5609-CEBID,train,4937
8981-FJGLA,train,1322
7218-HKQFK,test,1133
4636-QRJKY,train,3440
1135-LMECX,train,2169
4332-MUOEZ,test,1372
8535-SFUTN,train,1473
5956-VKDTT,train,4952
8677-HDZEE,train,1955
2475-MROZF,train,5145
9412-GHEEC,train,3538
3482-ABPKK,train,5577
6705-LXORM,test,957
0257-ZESQC,train,3655
7531-GQHME,test,279
5174-ITUMV,train,3376
4109-CYRBD,train,4082
0913-XWSCN,test,1304
6825-UYPFK,test,49
8397-MVTAZ,test,603
0750-EBAIU,train,835
8606-CIQUL,train,4166
3571-DPYUH,test,1047
7601-GNDYK,train,4924
0356-OBMAC,train,1834
8067-NIOYM,train,1206
1403-GYAFU,test,655
4234-XTNEA,train,2255
1297-VQDRP,train,5293
9282-IZGQK,train,2581
5348-CAGXB,train,4971
0621-HJWXJ,train,1453
5844-QVTAT,train,156
8905-IAZPF,train,2389
5394-MEITZ,train,1957
6859-QNXIQ,train,2048
2782-LFZVW,test,467
2866-IKBTM,train,5539
1342-JPNKI,train,338
2817-NTQDO,train,5559
7129-AZJDE,train,3805
6986-IJDHX,train,4797
2560-PPCHE,train,3296
4676-MQUEA,train,1755
8138-EALND,train,3357
3580-HYCSP,train,2704
1352-HNSAW,train,4738
2075-PUEPR,test,1105
1982-FEBTD,train,3070
5301-GAUUY,test,1277
5791-KAJFD,train,467
2654-VBVPB,train,128
1154-HYWWO,train,1580
2501-XWWTZ,test,175
3716-UVSPD,train,4894
6815-ABQFQ,test,935
7343-EOBEU,train,2596
3701-SFMUH,train,3451
6103-LIANB,train,4639
7319-VENRZ,train,4289
5846-NEQVZ,train,1654
6967-QIQRV,train,2203
5781-RFZRP,train,3765
0939-YAPAF,train,5546
0308-IVGOK,train,1174
7293-LSCDV,train,910
7025-WCBNE,train,4789
5756-JYOJT,train,2474
4710-FDUIZ,train,5272
6030-REHUX,train,934
9548-LIGTA,train,3017
5150-LJNSR,train,4644
8270-RKSAP,train,36
6522-YRBXD,train,5079
2640-LYMOV,train,477
1218-VKFPE,test,297
3627-FHKBK,test,1333
2865-TCHJW,test,1197
1423-BMPBQ,train,2930
2393-DIVAI,train,5051
5192-EBGOV,train,1027
4568-KNYWR,train,2198
8752-IMQOS,train,4821
0742-LAFQK,train,3668
0795-LAFGP,train,1536
0619-OLYUR,train,1632
5512-IDZEI,train,1257
0459-SPZHJ,train,116
0215-BQKGS,train,65
9244-ZVAPM,train,3536
0719-SYFRB,test,1361
8208-EUMTE,train,4371
5172-MIGPM,train,300
1710-RCXUS,train,4386
0374-FIUCA,train,1288
5839-SUYVZ,train,4338
5173-ZXXXL,train,3853
1096-ADRUX,train,4708
2001-MCUUW,test,820
2731-GJRDG,train,2557
4723-BEGSG,train,4537
6516-NKQBO,train,2214
8672-OAUPW,train,620
8207-DMRVL,train,5616
3419-SNJJD,train,4014
6543-CPZMK,test,1374
4765-OXPPD,train,2763
2804-ETQDK,train,1350
6689-VRRTK,train,596
7138-GIRSH,train,3535
9396-ZSFLL,train,4223
6464-KEXXH,train,2609
7134-MJPDY,test,1295
5240-CAOYT,test,1115
4059-IIEBK,train,2449
4881-JVQOD,train,4668
0516-UXRMT,test,512
4851-BQDNX,train,24
5148-HKFIR,train,349
1009-IRMNA,train,2175
3003-CMDUU,train,5560
5016-IBERQ,test,490
6797-UCJHZ,train,4316
2469-DTSGX,train,1905
4554-YGZIH,train,2185
5099-BAILX,train,3846
9931-KGHOA,test,1198
1775-KWJKQ,train,869
7665-VIGUD,train,2805
9411-TPQQV,train,5001
7207-RMRDB,train,3160
7954-MLBUN,train,2870
2077-DDHJK,train,4337
4913-EHYUI,train,737
0195-IESCP,train,3220
9574-BOSMD,train,1252
4580-TMHJU,train,154
0970-ETWGE,test,83
4908-XAXAY,train,2482
8404-VLQFB,train,1708
1626-ERCMM,train,53
0887-HJGAR,train,2679
2391-IPLOP,train,3774
5644-PDMZC,train,3223
3509-GWQGF,train,5579
9576-ANLXO,test,1146
2024-BASKD,train,1501
5845-BZZIB,test,1219
1140-UKVZG,train,3801
4160-AMJTL,test,745
5183-SNMJQ,train,5401
8100-PNJMH,train,4162
7838-LAZFO,test,504
4464-JCOLN,test,406
2085-JVGAD,train,498
5650-VDUDS,train,3864
8095-WANWK,train,5543
3030-ZKIWL,train,3122
9565-FLVCG,train,1986
8755-OGKNA,train,2368
2800-VEQXM,train,1846
7538-GWHML,train,4711
5533-RJFTJ,test,12
3859-CVCET,train,3077
0214-JHPFW,train,359
5642-MHDQT,train,4005
3088-FVYWK,test,644
3276-HDUEG,train,2716
9092-GDZKO,train,962
0823-HSCDJ,test,1284
3729-OWRVL,test,132
2324-AALNO,train,4164
0822-GAVAP,train,2927
5760-IFJOZ,train,5004
2826-UWHIS,train,1754
1448-PWKYE,test,542
7501-IWUNG,train,1748
4957-TREIR,train,355
7251-LJBQN,test,445
8040-MNRTF,train,976
1536-HBSWP,test,282
5313-FPXWG,test,298
0067-DKWBL,train,3142
0946-FKYTX,train,4773
5076-YVXCM,train,1537
8262-COGGB,train,179
6663-JOCQO,train,1208
9620-QJREV,train,4202
2276-YDAVZ,train,2943
2682-KEVRP,train,4315
2480-JZOSN,train,546
0078-XZMHT,train,627
5896-NPFWW,train,4271
9978-HYCIN,train,1578
8338-QIUNR,test,969
1525-LNLOJ,test,782
9450-TRJUU,test,936
1766-GKNMI,train,4431
6942-LBFDP,train,3626
1456-TWCGB,train,4781
7133-VBDCG,train,2899
7596-ZYWBB,train,1451
8329-UTMVM,train,3109
3014-WJKSM,train,5267
3347-YJZZE,train,5353
1029-QFBEN,train,4525
7929-DMBCV,train,4836
9661-JALZV,train,4184
5433-KYGHE,train,3263
4312-KFRXN,test,262
5575-TPIZQ,test,651
0114-IGABW,train,586
9944-AEXBM,test,888
1853-ARAAQ,train,403
6952-OMNWB,train,862
4697-LUPSU,train,2463
8434-VGEQQ,train,4780
4952-YSOGZ,train,902
1589-AGTLK,train,1186
5244-IRFIH,train,4364
6549-YMFAW,train,3373
4950-HKQTE,train,4718
6786-OBWQR,train,1024
2684-EIWEO,train,1837
2753-JMMCV,train,3269
6439-GTPCA,train,5552
6621-YOBKI,train,2150
1216-JWVUX,train,3145
7564-GHCVB,train,88
1173-NOEYG,train,2078
7595-EHCDL,train,3651
6647-ZEDXT,train,264
2521-NPUZR,train,4875
1307-TVUFB,train,2618
7503-MIOGA,train,1868
4381-MHQDC,train,515
6923-JHPMP,train,4880
5138-WVKYJ,train,935
4018-PPNDW,test,457
1635-FJFCC,train,4435
2499-AJYUA,train,4491
6919-ELBGL,test,1087
3966-HRMZA,test,142
6425-JWTDV,train,3094
8405-IGQFX,train,547
8224-IVVPA,train,5131
9477-LGWQI,train,2782
1410-RSCMR,train,4918
3115-CZMZD,test,637
0139-IVFJG,train,2363
6683-VLCTZ,train,3058
5730-DBDSI,train,2869
0030-FNXPP,train,2699
2189-WWOEW,train,3748
5684-FJVYR,train,3052
4013-GUXND,test,425
1894-IGFSG,test,26
7379-POKDZ,train,1617
1266-NZYUI,train,174
7969-FFOWG,train,2507
4718-DHSMV,train,2091
5175-WLYXL,train,710
7817-OMJNA,train,2230
8728-SKJLR,test,372
3137-NYQQI,train,804
7706-DZNKK,train,3688
0236-HFWSV,train,243
3900-AQPHZ,train,3619
5842-POCOP,train,3420
2037-XJFUP,train,1165
8823-RLPWL,train,4124
9505-SQFSW,train,1636
7314-OXENN,train,104
3758-CKOQL,train,2170
0322-CHQRU,test,1186
5676-CFLYY,train,2875
7521-AFHAB,train,3294
0285-INHLN,train,761
4678-DVQEO,test,678
5125-CNDSP,train,5041
0691-IFBQW,train,35
4992-LTJNE,train,3892
2202-OUTMO,train,3204
0810-BDHAW,train,4385
0229-LFJAF,train,2639
7131-ZQZNK,train,759
3442-ZHHCC,test,564
5726-CVNYA,train,1720
9871-ELEYA,train,1633
4257-GAESD,train,3585
5173-WXOQV,train,4125
2040-OBMLJ,test,472
6286-ZHAOK,train,4906
3807-XHCJH,train,5502
3009-JWMPU,train,632
5671-RQRLP,test,391
1450-GALXR,train,2208
8859-AXJZP,train,4734
3174-AKMAS,train,1037
3138-BKYAV,train,2442
9926-PJHDQ,test,437
7382-DFJTU,train,5214
2798-NYLMZ,test,1330
4289-DTDKW,train,3012
1820-TQVEV,test,341
2239-JALAW,train,127
4853-RULSV,train,966
8098-TDCBU,train,5402
3551-GAEGL,train,2475
4785-NKHCX,train,492
3196-NVXLZ,train,1071
6275-YDUVO,train,4796
0036-IHMOT,train,2404
0115-TFERT,train,1472
4178-EGMON,train,3653
4220-TINQT,train,4483
5318-YKDPV,test,1062
7975-TZMLR,train,4170
0295-QVKPB,train,3044
4335-BSMJS,train,1363
2311-QYMUQ,train,5360
3643-AHCFP,train,734
9146-JRIOX,train,1628
3104-OWCGK,train,4802
5337-IIWKZ,train,417
9101-BWFSS,train,113
9650-VBUOG,train,4618
3487-EARAT,test,436
2672-TGEFF,train,479
9231-ZJYAM,train,4713
4250-WAROZ,train,173
8184-WMOFI,train,3126
6982-SSHFK,train,2199
6092-QZVPP,train,1384
4625-LAMOB,train,1302
0727-BMPLR,train,2152
0392-BZIUW,train,2019
1038-ZAGBI,train,5203
6549-NNDYT,train,3844
3027-ZTDHO,train,5302
0422-OHQHQ,train,678
6916-HIJSE,train,3245
2316-ESMLS,train,2435
9778-OGKQZ,train,5289
7408-OFWXJ,test,824
6007-TCTST,train,659
2252-NKNSI,train,1903
8713-IGZSO,test,1326
7905-TVXTA,train,4953
7695-PKLCZ,train,1491
2382-BCKQJ,train,3132
8374-UULRV,train,3412
2207-NHRJK,train,3515
3224-DFQNQ,train,2898
5275-PMFUT,train,256
4795-UXVCJ,train,1004
9777-IQHWP,test,1006
0947-MUGVO,train,2130
9944-HKVVB,train,5558
4124-MMETB,train,4748
3671-SHRSP,train,4400
0979-MOZQI,test,781
2732-ISEZX,train,907
3313-QKNKB,test,695
0323-XWWTN,train,3429
1937-OTUKY,train,2330
1573-LGXBA,train,148
1764-VUUMT,train,440
5073-WXOYN,train,558
4713-ZBURT,train,425
3050-GBUSH,train,2114
0207-MDKNV,train,4370
7876-AEHIG,train,2122
7945-HLKEA,train,1545
9342-VNIMQ,train,2721
9851-KIELU,test,45
3523-BRGUW,train,5243
3908-BLSYF,test,572
3199-NPKCN,train,823
5170-PTRKA,test,393
4661-NJEUX,train,2513
2123-AGEEN,train,5250
1258-YMZNM,train,1657
0048-LUMLS,test,62
7549-MYGPK,train,476
5898-IGSLP,train,1631
3804-RVTGV,train,4090
6259-WJQLC,train,4070
9227-LUNBG,test,1292
7997-EASSD,test,328
0730-KOAVE,test,296
8975-SKGRX,train,4808
0678-RLHVP,train,3390
4315-MURBD,train,5597
2267-FPIMA,train,4779
1051-GEJLJ,test,639
9734-YWGEX,train,2957
2719-BDAQO,train,5414
5285-MVEHD,train,830
0379-DJQHR,test,853
0781-LKXBR,train,5319
5543-QDCRY,train,3095
0297-RBCSG,test,188
4694-PHWFW,train,1372
0835-JKADZ,train,2684
1907-UBQFC,train,3612
7508-SMHXL,train,2539
3865-YIOTT,train,5445
5993-BQHEA,train,4306
6024-RUGGH,train,1284
6513-EECDB,train,2310
3956-CJUST,train,2853
4079-WWQQQ,train,4186
6103-BOCOU,train,1503
5149-TGWDZ,train,5081
7471-WNSUF,train,3905
8942-DBMHZ,train,1133
4301-VVZKA,test,641
9199-PWQVC,train,1193
4824-GUCBY,train,5110
5393-HJZSM,train,4785
7074-IEVOJ,train,3280
9625-QSTYE,train,5149
0862-PRCBS,train,2955
8812-ZRHFP,train,3680
5146-CBVOE,train,676
0454-OKRCT,train,238
5787-KXGIY,train,1032
4750-ZRXIU,test,510
4198-VFOEA,train,2264
6630-UJZMY,test,1355
5709-LVOEQ,test,769
6400-BWQKW,train,1750
2692-AQCPF,train,3131
0347-UBKUZ,train,5571
0835-DUUIQ,train,242
0811-GSDTP,train,543
7567-ECMCM,train,692
6115-ZTBFQ,train,433
6353-BRMMA,train,4626
6680-WKXRZ,test,1058
6231-WFGFH,train,1700
9904-EHEVJ,train,1760
7028-DVOIQ,train,153
6169-PPETC,test,398
4208-UFFGW,test,36
8584-KMVXD,train,5062
8467-WYNSR,train,3048
0851-DFJKB,train,1606
5382-SOYZL,test,1215
9448-REEVD,train,3745
3261-CQXOL,train,509
8388-FYNPZ,train,3243
4002-BQWPQ,test,558
5651-YLPRD,test,1349
2826-DXLQO,train,4291
4378-BZYFP,train,5487
9489-UTFKA,train,4556
4849-PYRLQ,train,3859
9117-SHLZX,train,4598
9889-TMAHG,train,4343
4541-RMRLG,test,649
7764-BDPEE,test,1014
3429-IFLEM,test,1136
3158-MOERK,train,2276
7294-TMAOP,train,3969
5002-GCQFH,train,1212
0556-FJEGU,train,452
8919-FYFQZ,train,813
0604-THJFP,train,3555
2834-JRTUA,train,5270
5875-YPQFJ,train,802
5879-SESNB,train,4325
6646-QVXLR,test,562
6461-PPAXN,test,1306
3318-ISQFQ,train,4252
1106-HRLKZ,train,4651
2483-XSSMZ,train,400
8603-IJWDN,train,3851
8165-ZJRNM,test,503
9369-XFEHK,test,525
2604-XVDAM,train,3725
3717-OFRTN,train,2628
9046-JBFWA,train,4321
3280-NMUVX,train,3971
1206-EHBDD,train,5568
8361-LBRDI,train,5387
4883-KCPZJ,train,5409
9108-EQPNQ,test,248
7277-KAMWT,train,2514
3842-IYKUE,train,4725
6641-XRPSU,train,5218
1374-DMZUI,train,4567
2545-LXYVJ,train,3510
3234-VKACU,train,2779
8357-EQXFO,train,585
1989-PRJHP,test,1216
8120-JDCAM,train,176
8917-FAEMR,train,4085
7047-YXDMZ,train,5060
2858-EIMXH,train,2892
9524-EGPJC,train,5520
6993-OHLXR,train,4966
8818-XYFCQ,train,3998
6419-ZTTLE,train,5513
0929-HYQEW,train,5501
6614-YOLAC,train,4526
7426-RHZGU,train,3151
4065-JJAVA,train,2038
4695-VADHF,test,104
3863-IUBJR,train,2151
7649-SIJJF,test,81
9361-YNQWJ,train,3479
3748-FVMZZ,train,4787
9391-TTOYH,train,112
1452-XRSJV,train,1521
3422-WJOYD,train,5142
8242-SOQUO,train,3684
7460-ITWWP,test,552
7147-AYBAA,train,2861
7868-TMWMZ,train,5564
4822-RVYBB,train,4295
6732-FZUGP,train,1110
8436-BJUMM,train,449
4184-TJFAN,train,3562
8329-GWVPJ,train,4538
1352-VHKAJ,train,4018
4145-UQXUQ,train,137
2632-TACXW,test,494
8146-QQKZH,train,1725
1767-CJKBA,test,50
6445-TNRXS,test,140
4581-LNWUM,test,422
4869-EPIUS,train,5138
9948-YPTDG,train,2202
1236-WFCDV,test,589
1915-OAKWD,train,3118
7296-PIXQY,train,1978
4883-QICIH,train,5283
3354-OADJP,test,1016
3524-WQDSG,test,1386
0810-DHDBD,train,4262
4026-SKKHW,train,2212
2829-HYVZP,train,1507
8329-IBCTI,train,2054
1271-SJBGZ,train,4674
3845-JHAMY,train,3159
7013-PSXHK,train,2854
5669-SRAIP,train,4040
5981-ITEMU,train,3965
3486-NPGST,train,3434
6941-PMGEP,train,26
1624-WOIWJ,train,3861
2074-GKOWZ,train,1781
0376-YMCJC,test,1223
6100-FJZDG,train,3106
4829-ZLJTK,train,2630
1730-VFMWO,test,681
7143-BQIBA,train,711
3800-LYTRK,train,1049
0634-SZPQA,train,2239
9646-NMHXE,train,2550
7030-NJVDP,train,4053
5536-RTPWK,train,2740
8883-GRDWQ,train,3165
6166-ILMNY,test,336
3097-NNSPB,train,5068
7771-ZONAT,train,2316
0655-RBDUG,test,1188
2111-DWYHN,train,4210
4194-WHFCB,train,3397
4121-AGSIN,test,110
4361-BKAXE,train,446
9845-PEEKO,train,1082
0455-XFASS,train,3922
0301-KOBTQ,train,2987
1751-NCDLI,test,634
4367-NUYAO,train,5057
9878-TNQGW,test,488
9170-ARBTB,train,4254
4441-NIHPT,train,2645
8999-BOHSE,train,323
7241-AJHFS,train,1383
7029-RPUAV,test,349
4546-FOKWR,train,1675
9036-CSKBW,train,3225
5832-TRLPB,train,1735
8590-YFFQO,test,216
8659-IOOPU,train,5523
1338-CECEE,train,2840
7439-DKZTW,train,2985
4646-QZXTF,train,87
4607-CHPCA,train,233
9742-XOKTS,train,4932
6921-OZMFH,train,4029
9578-FOMUK,train,874
4712-UYOOI,train,3085
8824-RWFXJ,train,208
7722-CVFXN,train,3327
8717-VCTXJ,test,812
7363-QTBIW,test,711
4159-NAAIX,train,4436
0971-QIFJK,train,1293
9397-TZSHA,train,3580
3391-JSQEW,train,316
0343-QLUZP,train,894
9763-PDTKK,train,1849
2176-LVPNX,train,2567
7627-JKIAZ,train,4475
3312-UUMZW,test,906
1271-UODNO,test,1350
8461-EFQYM,train,5006
6900-RBKER,test,1316
6891-JPYFF,train,52
1459-QNFQT,test,1265
1047-NNCBF,train,4896
3696-XRIEN,train,638
4081-DYXAV,train,2292
0074-HDKDG,test,367
8791-GFXLZ,train,4513
8111-SLLHI,train,2409
0927-LCSMG,train,4996
9330-DHBFL,test,333
0098-BOWSO,train,5468
3452-ABWRL,train,1145
5859-HZYLF,train,3788
8257-RZAHR,train,1041
5293-WXJAK,train,3116
3156-QLHBO,train,3758
2208-NQBCT,train,4160
1779-PWPMG,train,4669
6621-NRZAK,train,3989
0831-JNISG,train,1879
0774-IFUVM,train,2516
3082-WQRVY,train,772
9553-DLCLU,train,1525
1641-BYBTK,train,3977
2460-NGXBJ,train,2216
2446-ZKVAF,test,730
0841-NULXI,test,1178
3522-CDKHF,train,2439
1430-SFQSA,train,262
0411-EZJZE,train,1175
7851-WZEKY,train,3270
8844-TONUD,train,1010
8807-ARQET,train,4214
8992-CEUEN,test,1091
4320-QMLLA,train,732
8777-PVYGU,test,107
8292-ITGYJ,test,703
6870-ZWMNX,train,5446
0621-CXBKL,train,4438
5268-DSMNQ,train,4314
5334-JLAXU,train,4610
4086-YQSNZ,train,680
6242-MBHPK,train,728
5868-CZJDR,train,3623
9359-UGBTK,test,447
0135-NMXAP,train,3304
4782-OSFXZ,train,965
6479-OAUSD,train,1390
7129-ACFOG,test,1299
4189-NAKJS,train,2590
5562-BETPV,train,5349
1282-IHQAC,train,429
9127-FHJBZ,train,1152
6270-OMFIW,test,890
1641-RQDAY,train,2844
0107-WESLM,train,2042
6994-ORCWG,train,4736
1346-UFHAX,test,117
3992-YWPKO,train,2637
2933-XEUJM,train,4647
0125-LZQXK,train,3444
5461-QKNTN,test,1085
4835-YSJMR,train,2062
8399-YNDCH,train,2826
3164-YAXFY,train,4919
0887-WBJVH,train,3306
4660-IRIBM,test,149
5673-FSSMF,train,2893
7670-ZBPOQ,train,1360
8089-UZWLX,test,1077
0080-OROZO,train,4907
3916-NRPAP,train,4016
6807-SIWJI,train,2322
8221-HVAYI,train,2125
1579-KLYDT,train,3671
5232-NXPAY,train,4658
8967-SZQAS,train,3581
4468-KAZHE,train,3054
0455-ENTCR,train,2379
8944-AILEF,train,3499
5542-NKVRU,train,3050
7126-RBHSD,train,3785
5370-IIVVL,train,3056
6789-HJBWG,train,38
3927-NLNRY,train,978
9087-EYCPR,train,2101
6791-YBNAK,train,5127
6358-LYNGM,train,282
6077-BDPXA,test,898
0013-MHZWF,test,1251
5494-HECPR,train,3188
8268-YDIXR,train,4154
9824-BEMCV,train,1211
1373-ORVIZ,train,3349
4291-SHSBH,train,4860
6980-IMXXE,train,3246
9866-QEVEE,test,628
9897-KXHCM,train,2610
0040-HALCW,test,1204
0784-GTUUK,train,1481
7979-CORPM,train,4215
2294-DMMUS,test,291
0872-JCPIB,train,2164
3055-MJDSB,train,1994
9091-WTUUY,train,1480
1618-CFHME,train,2953
3165-HDOEW,train,2694
6581-NQCBA,train,2168
7115-IRDHS,train,1796
8496-DMZUK,train,4141
2040-VZIKE,train,465
9068-VPWQQ,train,2906
0178-SZBHO,train,3078
0384-RVBPI,train,4812
1689-MRZQR,train,4742
1299-AURJA,train,1864
4525-VZCZG,train,3900
1543-LLLFT,train,2059
5835-BEQEU,train,31
2788-CJQAQ,test,379
5565-FILXA,train,2798
0319-QZTCO,train,5109
2120-SMPEX,train,4448
0096-FCPUF,train,3740
0668-OGMHD,test,21
5552-ZNFSJ,train,3152
2223-KAGMX,train,3610
6507-ZJSUR,test,718
9408-HRXRK,train,3392
5593-SUAOO,train,5194
7321-PKUYW,train,380
2833-SLKDQ,train,2244
6766-HFKLA,test,612
7595-EUIVN,train,3459
7617-EYGLW,train,1607
2026-TGDHM,train,5609
9220-ZNKJI,test,469
4030-VPZBD,train,2320
2226-ICFDO,train,2932
0723-VSOBE,train,1399
5529-GIBVH,train,5593
4187-CINZD,train,4666
9992-UJOEL,test,670
4741-WWJQZ,train,5334
6625-UTXEW,train,1697
6818-WOBHJ,train,216
6244-BESBM,train,3679
1004-NOZNR,train,152
1251-STYSZ,train,248
2612-PHGOX,train,4010
2408-TZMJL,train,3337
8480-PPONV,train,1567
8780-IHCRN,train,1396
4598-ZADCK,train,3084
1257-SXUXQ,train,925
9681-KYGYB,train,5431
7182-OVLBJ,train,2275
5095-ETBRJ,train,5618
7005-CYUIL,train,4463
4821-WQOYN,test,455
4730-AWNAU,train,1339
3452-FLHYD,train,4696
2388-LAESQ,test,11
9531-NSBMR,train,2651
6260-ONULR,train,5288
4389-UEFCZ,train,3469
8711-LOBKY,test,1228
9134-CEQMF,train,4277
8985-OOPOS,test,1360
8800-ZKRFW,train,770
2616-FLVQC,test,404
9968-FFVVH,test,784
3108-PCCGG,train,3542
7993-PYKOF,train,4142
8390-FESFV,test,941
3022-BEXHZ,train,3419
5027-XWQHA,train,3907
6248-TKCQV,train,5125
6729-GDNGC,test,1243
6198-ZFIOJ,train,4380
5989-OMNJE,train,964
4566-QVRRW,train,5586
1291-CUOCY,train,3236
9795-SHUHB,train,2922
3230-IUALN,train,4961
0042-RLHYP,train,5121
8519-IMDHU,train,4013
4945-RVMTE,test,1193
0201-OAMXR,train,1417
1866-NXPSP,train,2236
3372-KWFBM,train,5563
7831-QGOXH,train,2544
6393-WRYZE,train,3767
3941-XTSKM,train,4981
1661-CZBAU,train,1587
6599-RCLCJ,train,414
9831-BPFRI,train,5492
5158-RIVOP,train,1310
9788-YTFGE,test,309
9277-JOOMO,train,1428
1907-YLNYW,train,5186
1725-MIMXW,train,2902
8947-YRTDV,train,2225
3161-ONRWK,test,267
0114-RSRRW,train,1199
4565-NLZBV,train,886
0031-PVLZI,train,2685
7206-GZCDC,train,2603
6682-VCIXC,train,4685
4791-QRGMF,train,2821
6475-VHUIZ,train,3476
3910-MRQOY,test,583
0661-WCQNQ,train,947
7537-RBWEA,train,4078
4656-CAURT,train,4911
0121-SNYRK,test,1044
1768-ZAIFU,test,98
4671-LXRDQ,train,1408
3733-LSYCE,train,2547
6265-FRMTQ,train,171
1934-SJVJK,train,5043
3838-OZURD,train,566
1371-DWPAZ,train,5294
9269-CQOOL,train,1233
2017-CCBLH,train,2553
7690-KPNCU,test,306
0536-BGFMZ,train,1674
2293-IJWPS,test,1035
2845-HSJCY,test,1056
5469-NUJUR,test,213
1184-PJVDB,train,5069
2625-TRCZQ,train,2447
4102-HLENU,train,1771
7266-GSSJX,test,545
7722-VJRQD,train,904
7073-QETQY,train,1299
9415-DPEWS,train,1831
5624-RYAMH,train,3464
0196-JTUQI,train,2502
7130-YXBRO,train,1061
9272-LSVYH,train,1939
7943-RQCHR,train,2993
3793-MMFUH,train,2537
3249-ZPQRG,train,3060
2568-BRGYX,train,3328
3084-DOWLE,train,2139
1084-MNSMJ,train,3137
7721-JXEAW,train,1155
7249-WBIYX,test,1034
4238-HFHSN,train,3346
6250-CGGUN,train,2591
5478-JJVZK,train,164
7596-IIWYC,train,4744
6567-HOOPW,train,5500
9793-WECQC,train,1835
4291-HPAXL,train,1884
8999-YPYBV,train,1160
1839-FBNFR,train,2371
3164-AALRN,train,690
3071-MVJCD,test,1199
1697-BCSHV,train,1207
0562-KBDVM,train,4533
1131-SUEKT,test,225
3717-OEAUQ,test,502
4538-WNTMJ,train,1659
3334-CTHOL,test,1159
4704-ERYFC,train,3234
9432-RUVSL,train,5574
8060-HIWJJ,train,1067
7684-XSZIY,train,5035
9089-UOWJG,test,528
8621-MNIHH,test,1163
8039-ACLPL,train,3448
9885-AIBVB,train,5365
1934-MKPXS,train,5211
2592-YKDIF,train,1881
2272-JKMSI,train,630
0471-LVHGK,train,5271
9518-RWHZL,train,2780
8714-CTZJW,train,3954
3569-EDBPQ,test,1192
3131-NWVFJ,train,4694
7521-YXVZY,train,294
5419-CONWX,test,713
6240-EURKS,train,4811
2373-NTKOD,train,5388
1970-KKFWL,train,945
6960-HVYXR,train,1388
9337-SRRNI,train,2555
0895-UADGO,train,3124
5678-VFNEQ,train,909
5977-CKHON,train,1244
7024-OHCCK,train,3972
2692-BUCFV,train,606
7861-UVUFT,test,1334
1830-GGFNM,train,3167
5302-BDJNT,train,5541
5223-UZAVK,train,783
4859-ZSRDZ,train,4000
5651-WYIPH,train,4939
9350-VLHMB,train,106
3498-LZGQZ,train,2579
8785-CJSHH,test,1182
5357-TZHPP,test,1399
3870-SPZSI,train,3509
0680-DFNNY,train,291
7560-QRBXH,train,5601
7077-XJMET,train,3211
8752-GHJFU,train,123
6896-SRVYQ,train,5067
7767-UXAGJ,train,190
4652-ODEVH,train,2412
6510-UPNKS,train,1002
6718-BDGHG,train,672
9046-DQMTP,train,3999
6439-LAJXL,train,940
1571-SAVHK,train,4778
9052-VKDUW,train,4381
9546-CQJSU,train,3596
1666-JZPZT,train,3043
5777-KJIRB,train,4035
0506-LVNGN,test,1270
7677-SJJJK,test,599
2480-EJWYP,test,1038
3253-HKOKL,train,4665
7055-HNEOJ,test,1294
5514-YQENT,test,230
3211-AAPKX,train,4927
8445-DNBAE,test,726
2951-QOQTK,train,1785
2958-NHPPS,test,252
6806-YDEUL,train,3202
1735-XMJVH,train,2968
6890-PFRQX,test,615
0222-CNVPT,train,3557
5899-OUVKV,train,4600
8681-ICONS,train,1062
1621-YNCJH,train,5102
3473-XIIIT,train,2500
6362-QHAFM,train,1625
7893-IXHRQ,test,1181
3070-BDOQC,train,2862
2952-QAYZF,train,3632
6234-PFPXL,test,91
9824-QCJPK,test,1335
4763-PGDPO,train,3215
4283-IVYCI,train,4601
1866-OBPNR,train,170
8205-MQUGY,train,4989
8970-ANWXO,test,1039
9480-BQJEI,test,1015
5394-SVGJV,train,2636
6979-TNDEU,train,5227
9777-WJJPR,train,5463
9283-LZQOH,test,77
7079-QRCBC,train,2057
9495-SKLKD,train,4332
6048-UWKAL,train,1128
5067-DGXLL,train,2883
5469-CTCWN,test,1385
9851-QXEEQ,train,540
6281-FKEWS,train,3291
8898-KASCD,train,4542
9242-TKFSV,train,4259
9290-SHCMB,train,2464
0743-HNPFG,train,289
2277-BKJKN,train,3641
9809-IMGCQ,train,617
5208-HFSBT,train,2642
5035-PGZXH,train,674
8695-WDYEA,train,5627
6543-JXSOO,train,84
8016-ZMGMO,train,246
8605-ITULD,train,98
3254-YRILK,train,5612
6416-YJTTB,train,2308
2667-WYLWJ,train,5458
4472-VESGY,train,3494
3195-TQDZX,train,4997
3128-YOVTD,train,4356
0529-ONKER,train,1281
1728-CXQBE,train,1287
7041-TXQJH,train,863
5014-GSOUQ,train,2605
5724-BIDBU,train,989
0481-SUMCB,train,2822
1769-GRUIK,train,4282
5240-IJOQT,train,4418
8819-WFGGJ,train,5432
7427-AUFPY,train,3587
2811-POVEX,train,2087
1092-GANHU,test,347
7898-PDWQE,train,1672
9972-EWRJS,train,3018
9314-IJWSQ,train,4938
0661-XEYAN,train,4439
5799-JRCZO,train,5341
1921-KYSAY,train,132
6198-RTPMF,train,746
2924-KHUVI,test,842
1925-GMVBW,train,5309
7881-EVUAD,test,557
6184-DYUOB,test,43
9207-ZPANB,train,2901
5766-XQXMQ,train,2944
9327-QSDED,test,1018
1656-DRSMG,train,1427
3012-VFFMN,train,3863
2984-AFWNC,train,3102
0640-YJTPY,train,2297
8096-LOIST,train,553
9764-REAFF,train,2132
3703-VAVCL,train,2228
7107-UBYKY,train,2576
4881-GQJTW,train,1327
8519-QJGJD,train,5224
7876-DNYAP,train,3574
7905-NJMXS,train,4862
2882-WDTBA,train,395
2091-GPPIQ,train,968
6326-MTTXK,train,4489
5071-FBJFS,train,1317
2796-UUZZO,train,404
2429-AYKKO,train,4075
9798-OPFEM,train,2977
0330-IVZHA,test,180
3794-NFNCH,test,1337
5193-QLVZB,train,1140
7114-AEOZE,test,761
2886-KEFUM,train,3360
5522-NYKPB,train,4103
4237-RLAQD,test,399
9957-YODKZ,train,3143
6518-KZXCB,train,5441
2245-ADZFJ,test,325
7776-QGYJC,train,1847
9313-QOLTZ,test,223
9651-GTSAQ,train,1635
3186-BAXNB,train,2189
4672-FOTSD,test,439
0637-YLETY,train,4516
9818-XQCUV,train,1006
7338-ERIVA,test,123
1157-BQCUW,train,2583
8259-NFJTV,train,2323
3223-DWFIO,train,245
2660-EMUBI,train,4992
6968-GMKPR,train,85
4751-ERMAN,test,1025
1436-ZMJAN,test,1107
3292-PBZEJ,test,484
0799-DDIHE,train,1246
3070-FNFZQ,train,3591
2812-SFXMJ,train,4367
7675-OZCZG,train,488
5014-WUQMG,test,1351
5312-TSZVC,train,2644
2003-CKLOR,train,2237
0993-OSGPT,train,4620
9254-RBFON,test,82
1205-WNWPJ,test,384
9391-EOYLI,train,1600
7108-DGVUU,train,4231
2782-JEEBU,train,3138
5127-BZENZ,train,1450
2720-FVBQP,test,1246
9906-NHHVC,test,312
4522-XRWWI,train,5236
3766-EJLFL,test,790
5939-SXWHM,train,664
8152-UOBNY,train,3700
7351-KYHQH,train,722
7643-RCHXS,train,5212
8246-SHFGA,train,2109
8387-MOJJT,train,4248
0620-XEFWH,train,4486
6485-QXWWE,train,3031
2761-OCIAX,test,960
7321-VGNKU,train,5478
5327-CNLUQ,train,1944
7552-KEYGT,train,587
5816-JMLGY,train,2742
3068-OMWZA,train,4244
2927-QRRQV,train,4472
6032-KRXXO,train,3968
7459-RRWQZ,train,1251
6265-SXWBU,train,5071
7941-RCJOW,train,5369
6374-NTQLP,test,118
4154-AQUGT,test,1217
2387-KDZQY,train,3952
3584-WKTTW,train,702
3399-BMLVW,train,4947
1971-DTCZB,train,3675
3092-IGHWF,train,2808
3374-PZLXD,train,1435
3813-DHBBB,train,644
2812-REYAT,test,22
6518-PPLMZ,train,3009
4939-KYYPY,train,4129
8017-LXHFA,train,5367
5930-GBIWP,train,589
6022-KOUQO,train,2484
6352-TWCAU,train,554
2361-UPSND,train,3504
6035-RIIOM,train,1289
2929-QNSRW,train,4864
1262-OPMFY,train,1173
9504-DSHWM,train,3622
5035-BVCXS,train,1790
6267-DCFFZ,train,4456
3533-UVMOM,train,3985
2439-LYPMQ,test,920
4248-QPAVC,test,962
1899-VXWXM,train,931
1478-VPOAD,train,1833
9995-HOTOH,train,4551
2988-PLAHS,test,1382
1371-OJCEK,train,2919
4999-IEZLT,train,3713
8883-ANODQ,train,629
4690-LLKUA,test,9
2351-RRBUE,train,5343
5980-BDHPY,train,486
1498-DQNRX,train,1533
9469-WEJBT,train,878
3331-HQDTW,test,103
9490-DFPMD,train,795
2581-VKIRT,train,4881
5442-XSDCW,train,1136
7426-WEIJX,test,402
2851-MMUTZ,train,1556
3049-NDXFL,train,3467
8580-AECUZ,train,3463
3307-TLCUD,train,3723
6625-FLENO,test,119
2967-MXRAV,test,531
7963-GQRMY,train,3430
8189-HBVRW,train,5548
4163-KIUHY,train,167
1228-FZFRV,train,4318
3500-NSDOA,train,5329
1171-TYKUR,train,4363
3761-FLYZI,train,5425
2058-DCJBE,train,5002
5364-XYIRR,train,1871
4829-AUOAX,test,1254
1219-NNDDO,train,5395
8388-DMKAE,train,2560
4403-BWPAY,train,3656
9659-QEQSY,train,2773
5405-ZMYXQ,train,2686
5047-LHVLY,train,3301
1442-OKRJE,train,2517
4737-AQCPU,train,335
9158-VCTQB,train,914
2808-CHTDM,train,3599
6311-UEUME,train,1519
0793-TWELN,train,475
3283-WCWXT,train,2715
1060-ENTOF,train,1016
0999-QXNSA,train,3256
5451-MHQOF,train,4758
4836-WNFNO,train,2477
9225-BZLNZ,train,200
0354-VXMJC,train,2155
4422-QVIJA,train,2470
9365-SRSZE,train,5549
6839-ITVZJ,train,4393
8332-OSJDW,train,3768
4735-BJKOU,test,1142
0274-JKUJR,train,4079
5740-YHGTW,train,3897
8917-SZTTJ,train,4069
1696-MZVAU,train,701
7359-WWYJV,test,400
0375-HVGXO,train,592
4906-ZHGPK,train,5136
8593-WHYHV,test,654
3795-GWTRD,test,509
1298-PHBTI,train,4509
6223-DHJGV,test,1168
6961-MJKBO,train,4699
6097-EQISJ,train,2573
4423-YLHDV,train,548
8158-WPEZG,test,892
0107-YHINA,train,424
4918-FYJNT,train,3962
0727-BNRLG,test,513
4854-CIDCF,train,4334
8640-SDGKB,train,5220
3280-MRDOF,train,774
6435-SRWBJ,train,324
9964-WBQDJ,train,1971
6303-KFWSL,train,2010
1702-CCFNJ,train,3331
8932-CZHRQ,train,2401
0386-CWRGM,train,3144
5515-RUGKN,train,4584
0404-AHASP,train,3292
7279-NMVJC,test,75
2081-VEYEH,train,2662
6407-UTSLV,train,197
4116-TZAQJ,train,667
9060-HJJRW,train,315
2587-YNLES,train,1045
7398-SKNQZ,train,1259
5935-FCCNB,train,600
1958-RNRKS,train,4457
5136-RGMZO,test,1113
8345-MVDYC,test,1111
8226-BXGES,train,4790
3877-JRJIP,test,1338
8375-DKEBR,test,1289
9705-IOVQQ,train,2659
1015-OWJKI,test,1397
7511-YMXVQ,train,495
2040-XBAVJ,train,1873
7551-JOHTI,train,181
8887-IPQNC,train,1906
8646-JCOMS,test,780
9804-ICWBG,test,1252
1222-KJNZD,train,3661
0106-GHRQR,train,1721
5318-IXUZF,train,2967
3768-VHXQO,train,951
8952-WCVCD,train,1819
2418-TPEUN,train,3125
3963-RYFNS,train,2417
3198-VELRD,train,4807
8540-ZQGEA,train,1623
1320-REHCS,train,3868
4137-JOPHL,test,1245
9436-ZBZCT,train,5477
7801-CEDNV,train,2663
2057-BOYKM,train,3732
3658-QQJYD,train,3097
1803-BGNBD,train,3821
0134-XWXCE,test,465
6950-TWMYB,train,2469
5848-FHRFC,train,3549
2243-FNMMI,train,1092
2511-MORQY,test,584
5356-KZCKT,train,3854
9470-XCCEM,train,4089
6519-CFDBX,train,4632
3902-MIVLE,train,3840
0409-WTMPL,train,2518
8763-KIAFH,test,250
3669-WHAFY,train,2602
3055-VTCGS,test,885
3144-KMTWZ,train,1867
7279-BUYWN,test,1200
7156-MHUGY,train,3282
7198-GLXTC,test,1211
2007-QVGAW,train,2857
5207-PLSTK,test,571
2307-FYNNL,test,787
5605-XNWEN,train,5074
2155-AMQRX,test,1283
6181-AXXYF,train,780
5091-HFAZW,train,2231
0516-VRYBW,train,4006
2519-LBNQL,train,4687
8623-ULFNQ,test,988
8380-PEFPE,test,594
5687-DKDTV,train,2138
1568-LJSZU,train,1967
7530-HDYDS,train,3119
7789-HKSBS,train,834
7416-CKTEP,train,4376
2586-CWXVV,train,1449
3096-IZETN,train,5524
2348-KCJLT,train,5096
8401-EMUWF,test,172
4193-IBKSW,train,4432
5377-NDTOU,train,565
5922-ABDVO,train,1712
2474-LCNUE,train,1476
0839-QNXME,train,55
3506-OVLKD,test,840
9172-ANCRX,train,1456
6650-VJONK,train,3030
2178-PMGCJ,test,148
7492-TAFJD,test,698
2773-MADBQ,train,1862
6016-LVTJQ,train,3550
7860-KSUGX,train,4027
8966-KZXXA,train,4331
6910-HADCM,test,121
4816-LXZYW,train,572
9606-PBKBQ,train,2958
5149-QYTTU,train,1011
2070-XYMFH,train,2851
2085-BOJKI,train,5525
0817-HSUSE,train,3652
5442-PPTJY,train,3092
1927-QEWMY,test,1344
1663-MHLHE,train,2286
5663-QBGIS,train,3026
4450-MDZFX,train,4721
6701-DHKWQ,train,4793
7554-AKDQF,train,3966
3536-IQCTX,train,396
4911-BANWH,train,812
8496-EJAUI,train,1335
0794-YVSGE,test,1273
5423-BHIXO,train,3875
6908-VVYHM,train,986
2959-EEXWB,train,434
1839-UMACK,train,1839
3030-YDNRM,test,663
7321-KKSDU,train,4137
3402-XRIUO,train,1916
3132-TVFDZ,train,1947
8286-AFUYI,train,1319
8080-DDEMJ,test,904
8356-WUAOJ,train,2895
6365-MTGZX,train,4433
1349-WXNGG,train,3578
8058-DMYRU,test,30
9350-ZXYJC,train,2124
6990-YNRIO,train,4792
8958-JPTRR,train,4063
6959-GQEGV,train,4362
3173-WSSUE,train,4211
1265-HVPZB,test,546
4115-UMJFQ,train,5023
7369-TRPFD,test,487
1098-KFQEC,train,5009
7190-XHTWJ,train,4942
0621-TWIEM,train,4153
3537-RYBHH,train,1869
2485-ITVKB,test,360
3669-OYSJI,train,4631
1612-EOHDH,train,480
6702-OHFWR,train,4903
5296-BFCYD,test,163
4510-PYUSH,train,1737
9359-JANWS,train,3804
7517-SAWMO,train,3300
4143-HHPMK,train,2456
3279-DYZQM,train,5202
7054-LGEQW,test,925
0523-VNGTF,train,2082
9575-IWCAZ,train,840
7105-MXJLL,train,1312
7064-FRRSW,train,760
7940-UQQUG,train,3187
0923-PNFUB,test,1267
3961-SXAXY,train,2515
7010-BRBUU,train,260
3566-HJGPK,train,188
3062-ICYZQ,train,1269
9938-PRCVK,train,2962
0973-KYVNF,train,4299
5129-HHMZC,train,744
9637-CDTKZ,test,1068
3946-JEWRQ,train,1368
7873-CVMAW,train,3324
0463-WZZKO,test,807
3494-JCHRQ,train,296
6474-FVJLC,train,3107
4524-QCSSM,test,517
5832-EXGTT,train,2921
8840-DQLGN,test,607
2039-JONDJ,train,743
7217-JYHOQ,train,5594
6695-FRVEC,train,2961
4547-LYTDD,test,479
9894-QMIMJ,train,4399
8069-YQQAJ,train,5279
6770-XUAGN,test,318
4193-ORFCL,train,3572
1636-NTNCO,train,3749
3466-WAESX,test,870
9281-PKKZE,train,1887
3638-VBZTA,train,5165
7459-IMVYU,train,265
7776-QWNFX,train,4479
6689-TCZHQ,train,1992
8563-OYMQY,train,2319
0754-EEBDC,train,4877
5777-ZPQNC,train,4261
1951-IEYXM,train,754
3318-NMQXL,train,3917
3143-ILDAL,train,527
1022-RKXDR,train,2508
2361-FJWNO,train,4763
2272-UOINI,train,1460
8232-UTFOZ,train,2852
3750-YHRYO,test,588
6637-KYRCV,train,4885
5668-MEISB,train,1341
0129-QMPDR,train,4554
7188-CBBBA,train,4219
5356-CSVSQ,train,2952
3221-CJMSG,train,1321
4720-VSTSI,train,2759
3219-JQRSL,train,453
2801-NISEI,train,1976
3946-MHCZW,train,2143
4623-ZKHLY,train,2301
6732-VAILE,train,3254
8201-AAXCB,train,3507
7696-CFTAT,train,432
1845-CSBRZ,train,5295
2123-VSCOT,train,3279
6651-AZVTJ,test,1320
4566-GOLUK,train,2727
2484-DGXPZ,train,990
2018-QKYGT,train,2167
2792-VPPET,train,1294
7409-JURKQ,train,2624
3247-MHJKM,train,2450
1964-SVLEA,train,4372
4587-NUKOX,train,3080
7297-DVYGA,train,4751
2239-CGBUZ,train,3001
0854-UYHZD,train,2493
7243-LCGGZ,train,2743
8267-KFGYD,train,4867
4890-VMUAV,train,2280
9261-WDCAF,train,451
3764-MNMOI,train,4301
7442-YGZFK,train,1139
0420-BWTPW,train,2937
8229-BUJHX,train,478
7449-HVPIV,train,3902
5504-WSIUR,train,2354
8183-ONMXC,train,3730
8466-PZBLH,train,937
9614-RMGHA,train,272
8735-IJJEG,train,1514
0564-MUUQK,train,4443
5054-IEXZT,train,4717
5834-ASPWA,train,3546
0701-RFGFI,train,307
0019-EFAEP,test,1037
5619-PTMIK,train,211
3737-XBQDD,train,5333
5882-CMAZQ,train,5104
5846-QFDFI,train,2936
4445-KWOKW,train,4596
3511-APPBJ,train,3319
7967-HYCDE,train,4352
2430-RRYUW,train,2201
3948-XHGNA,train,1857
3723-BFBGR,train,3203
0565-IYCGT,train,3506
5447-WZAFP,train,1591
5110-CHOPY,train,196
5445-UTODQ,train,482
4425-OWHWB,train,2444
7892-QVYKW,train,1717
9675-ICXCT,train,3891
1024-VRZHF,train,3363
4703-MQYKT,test,819
9497-QCMMS,train,1615
5692-ICXLW,train,1995
0602-DDUML,train,5047
2208-MPXIO,train,1664
1960-UYCNN,train,5301
0348-SDKOL,train,2509
3190-FZATL,train,2707
7336-RLLRH,train,3037
4373-MAVJG,train,2086
8901-HJXTF,train,4056
7710-JSYOA,train,2277
5419-KLXBN,test,126
3424-NMNBO,train,287
9885-MFVSU,train,4001
4514-GFCFI,train,4776
0607-MVMGC,train,3689
3365-SAIGS,test,723
9828-AOQLM,train,4514
8022-BECSI,train,648
8000-REIQB,train,4155
9993-LHIEB,train,5423
0266-CLZKZ,train,1122
7615-ESMYF,train,3950
3858-VOBET,test,93
7020-OZKXZ,train,2746
3977-QCRSL,train,1189
0017-DINOC,train,2153
1447-PJGGA,train,2691
8565-CLBZW,train,4180
9139-WQQDY,test,331
0224-HJAPT,train,2281
8086-OVPWV,train,2492
9430-FRQOC,train,3320
7639-OPLNG,train,2562
3074-GQWYX,train,2793
1492-QGCLU,test,1317
6845-RGTYS,test,896
7328-OWMOM,train,3505
4418-LZMSV,train,4762
5155-AZQPB,test,614
8861-HGGKB,train,2595
1087-GRUYI,train,3158
7065-YUNRY,train,4242
7694-VLBWQ,train,4349
2546-KZAAT,train,2399
0181-RITDD,test,1302
5989-PGKJB,train,3849
4795-KTRTH,train,528
8272-ONJLV,train,1031
1488-PBLJN,train,991
0308-GIQJT,train,1753
3778-FOAQW,train,4869
4452-ROHMO,train,5056
6481-OGDOO,train,5397
3090-LETTY,train,2710
5349-AZPEW,train,3407
3753-TSEMP,train,3135
8305-VHZBZ,train,1275
9720-JJJOR,test,466
8100-HZZLJ,train,1150
8775-ERLNB,test,1222
8309-IEYJD,train,2868
9172-JITSM,train,3455
6298-QDFNH,train,684
7398-HPYZQ,train,4165
3546-GHEAE,train,1162
7361-YPXFS,train,5266
6557-BZXLQ,test,1022
2550-QHZGP,train,1313
7519-JTWQH,train,299
2538-OIMXF,train,3850
8543-MSDMF,train,4281
9961-JBNMK,train,4837
1170-SASML,train,1090
4872-JCVCA,train,3501
5346-BZCHP,train,1554
2038-LLMLM,train,5479
6173-ITPWD,train,3910
9734-UYXQI,train,4965
1216-BGTSP,train,4503
4138-NAXED,train,2053
2189-UXTKY,train,3356
0744-BIKKF,train,4455
7483-IQWIB,train,4754
5248-KWLAR,train,1249
4958-GZWIY,train,3288
7996-MHXLW,train,794
7833-PKIHD,train,1668
7061-OVMIM,test,390
5153-RTHKF,train,3096
1852-QSWCD,train,3565
4832-VRBMR,train,1586
9079-LWTFD,train,1731
6356-ELRKD,train,604
8624-GIOUT,train,228
3392-EHMNK,train,5553
5986-WWXDV,train,5580
3061-BCKYI,train,1356
6179-GJPSO,train,4017
7901-TBKJX,train,4925
7228-PAQPD,train,3161
3177-LASXD,train,3809
7746-QYVCO,train,306
5804-HYIEZ,test,10
9919-FZDED,test,1185
5934-TSSAU,test,1275
3486-KHMLI,train,4576
4897-QSUYC,train,3778
1084-UQCHV,train,1792
8290-YWKHZ,train,91
2955-BJZHG,test,1150
3806-DXQOM,train,3512
6784-XYJAE,test,442
3933-DQPWX,train,4573
6661-EIPZC,train,1499
8957-THMOA,train,2680
2251-PYLPB,train,3784
5555-RNPGT,train,1380
1057-FOGLZ,train,2990
9300-RENDD,train,1793
0761-AETCS,train,1728
8087-LGYHQ,train,4172
4137-BTIKL,train,4127
2190-BCXEC,test,1364
6227-FBDXH,train,1932
2153-MREFK,train,4798
2911-WDXMV,test,199
7206-PQBBZ,train,2489
3106-ULWFW,train,1924
0925-VYDLG,train,895
4547-FZJWE,train,1200
7422-WNBTY,train,5583
0842-IWYCP,train,379
3521-HTQTV,train,4312
3744-ZBHON,train,2128
3373-DIUUN,train,2246
8383-SGHJU,train,1441
7607-QKKTJ,train,2758
7707-PYBBH,train,3133
8984-HPEMB,train,3422
4349-GFQHK,train,2783
4139-DETXS,train,3238
9779-DPNEJ,test,530
9805-FILKB,train,2572
5793-YOLJN,train,2394
0673-IGUQO,train,2120
4123-FCVCB,train,2688
8819-IMISP,train,2453
7802-EFKNY,train,4878
8311-UEUAB,train,4684
5858-EAFCZ,train,4933
8035-BUYVG,train,768
1163-ONYEY,train,2794
9787-XVQIU,train,3718
8945-MUQUF,train,4822
5656-MJEFC,train,810
6082-OQFBA,train,5095
8051-HJRLT,train,969
8974-OVACP,train,2058
4010-YLMVT,train,3485
1379-FRVEB,test,17
8612-GXIDD,train,4876
6288-CHQJB,test,458
8160-HOWOX,test,448
3023-GFLBR,train,4515
6648-INWPS,train,2043
4223-BKEOR,test,1203
4079-VTGLK,test,161
1763-WQFUK,train,5063
1391-UBDAR,train,3643
8894-JVDCV,train,2731
2023-VQFDL,train,223
1345-GKDZZ,train,4832
2014-MKGMH,train,2830
5628-FCGYG,test,1269
2560-WBWXF,train,2177
0248-IPDFW,train,496
7978-DKUQH,train,3059
4335-UPJSI,test,596
0524-IAVZO,test,288
2737-YNGYW,test,1286
1784-EZDKJ,train,5167
9297-FVVDH,train,2708
8007-YYPWD,train,1043
7101-HRBLJ,train,4923
5159-YFPKQ,test,1117
6635-CPNUN,train,4038
4021-RQSNY,train,393
5453-YBTWV,train,4478
5039-LZRQT,train,4169
2931-VUVJN,train,1203
9061-TIHDA,train,4782
8699-ASUFO,test,847
6418-PIQSP,train,2735
8220-OCUFY,train,4883
3995-WFCSM,train,3405
1895-QTKDO,test,994
2038-OEQZH,train,556
1178-PZGAB,train,5008
7927-AUXBZ,train,1912
2626-VEEWG,train,5188
2878-RMWXY,train,1604
1657-DYMBM,train,3532
7311-MQJCH,test,1324
7375-WMVMT,test,120
1136-XGEQU,test,919
2530-FMFXO,train,1280
6844-DZKRF,train,2221
4695-WJZUE,train,4066
7619-ODSGN,train,3251
5970-GHJAW,train,1497
8879-XUAHX,train,5124
3689-MOZGR,train,517
4195-PNGZS,train,86
5003-XZWWO,train,5470
3988-RQIXO,train,842
7622-FWGEW,train,507
6922-NCEDI,train,454
2514-GINMM,test,171
9891-NQDBD,train,203
6131-IUNXN,train,1430
8548-AWOFC,train,74
9798-DRYDS,train,3541
8532-UEFWH,test,1297
6296-DDOOR,train,3417
7951-VRDVK,train,3796
5931-FLJJF,train,3973
4815-YOSUK,train,2190
2659-VXMWZ,test,461
0380-NEAVX,train,134
3207-OYBWH,test,1309
4285-GYRQC,train,4255
7216-EWTRS,train,985
4365-MSDYN,train,1652
7036-TYDEC,test,1042
5802-ADBRC,train,5561
8076-FEZKJ,train,3911
5197-YPYBZ,train,2760
8337-MSSXB,train,3354
4312-GVYNH,train,1630
8495-LJDFO,train,4428
0839-JTCUD,test,709
5494-WOZRZ,train,3140
1302-UHBDD,test,277
2234-EOFPT,train,5535
8619-IJNDK,test,955
8378-LKJAF,test,863
8182-BJDSI,train,2173
2528-HFYZX,train,3982
1153-GNOLC,train,3738
3298-QEICA,train,4217
0788-DXBFY,test,1353
3597-YASZG,train,3338
3496-LFSZU,train,4950
5242-UOWHD,train,1776
2482-CZGBB,test,101
6479-SZPLM,train,531
8097-VBQTZ,train,4834
4500-HKANN,test,1281
9917-KWRBE,test,2
3420-ZDBMA,train,2195
2212-LYASK,test,1070
1393-IMKZG,train,1205
8069-RHUXK,train,4357
3398-GCPMU,train,1649
2908-WGAXL,train,5606
3378-AJRAO,train,2050
1013-QCWAM,train,3662
0866-QLSIR,test,951
6050-FFXES,train,2465
7181-BQYBV,test,51
0362-RAOQO,train,125
9554-DFKIC,train,4379
5527-ACHSO,train,1908
0829-DDVLK,train,2241
1399-UBQIU,train,1693
1813-JLKWR,train,849
0336-PIKEI,train,4558
7322-OCWHC,test,944
9537-VHDTA,test,54
4957-TIALW,train,576
2054-PJOCK,train,9
9150-HEPMB,train,443
9030-QGZNL,test,136
6204-IEUXJ,train,2217
3126-WQMGH,train,2248
4529-CKBCL,train,5542
2506-CLAKW,train,4484
7176-WRTNX,train,1788
1583-IHQZE,train,594
5732-IKGQH,train,4286
9239-GZHZE,train,1485
7205-BAIAD,test,92
0151-ONTOV,train,2079
4140-MUHUG,train,827
0093-EXYQL,train,1267
8064-RAVOH,train,1502
0219-QAERP,train,3129
0320-JDNQG,train,508
7180-PISOG,test,234
9168-INPSZ,train,1747
3571-RFHAR,train,712
0015-UOCOJ,test,477
5334-AFQJB,test,659
2754-SDJRD,test,1
9578-VRMNM,train,1096
1587-FKLZB,test,1101
6140-QNRQQ,train,1465
8963-JLGJT,train,3010
4307-KTUMW,train,952
1465-LNTLJ,test,536
5440-FLBQG,train,791
2135-DQWAQ,train,1745
4056-QHXHZ,train,1315
7470-MCQTK,test,419
7488-MXJIV,train,3168
7401-JIXNM,test,122
9339-FIIJL,test,1167
2027-FECZV,test,285
2672-DZUOY,train,293
4706-DGAHW,test,1208
3870-MQAMG,train,2836
6670-MFRPK,train,284
6177-PEVRA,train,4863
4800-CZMPC,train,1573
4813-HQMGZ,train,419
7579-KKLOE,train,1261
7377-DMMRI,train,4719
8402-EIVQS,train,133
4947-DSMXK,test,821
7245-NIIWQ,train,2838
0002-ORFBO,train,688
3324-OIRTO,test,1238
5414-OFQCB,train,1696
4967-WPNCF,train,3933
8552-OBVRU,train,706
8499-BRXTD,train,2926
9154-QDGTH,train,5259
8197-BFWVU,train,2681
2577-GVSIL,train,3178
9367-OIUXP,train,2876
6770-UAYGJ,train,859
6463-HHXJR,train,4597
7928-VJYAB,test,369
1187-WILMM,train,57
9776-OJUZI,train,700
1306-RPWXZ,train,3458
8949-JTMAY,train,487
2774-LVQUS,train,3421
3097-PYWXL,train,1347
2266-SJNAT,train,4959
0869-PAPRP,train,1812
4238-JSSWH,train,4770
2972-YDYUW,test,519
1104-FEJAM,train,5122
2809-ILCYT,train,1741
5499-ECUTN,train,1566
4981-FLTMF,test,792
9121-PHQSR,train,4774
3113-IWHLC,train,3714
3211-ILJTT,train,2527
4612-THJBS,train,4368
4277-BWBML,test,184
4094-NSEDU,train,3482
0234-TEVTT,train,3620
4304-TSPVK,test,990
1552-AAGRX,train,880
2637-FKFSY,train,4954
9796-MVYXX,train,861
7874-ECPQJ,train,3053
0020-INWCK,train,2011
7089-RKVSZ,train,3020
2683-JXWQQ,train,908
9548-ZMVTX,train,5040
8739-XNIKG,test,814
9755-JHNMN,test,486
3981-QSVQI,train,1671
2789-HQBOU,train,3399
9424-CMPOG,train,2142
5067-WJEUN,train,1892
3450-WXOAT,train,3826
9251-WNSOD,train,4528
6974-DAFLI,train,2321
2616-UUTFK,train,4518
7064-JHXCE,train,2809
5103-MHMHY,test,94
7989-AWGEH,train,4068
4373-VVHQL,train,3715
4559-UWIHT,train,3876
7268-IGMFD,train,2810
1846-XWOQN,train,1457
0235-KGSLC,test,276
6650-BWFRT,train,836
9570-KYEUA,train,4045
6993-YGFJV,train,821
2712-SYWAY,train,832
0730-BGQGF,train,5153
5498-IBWPI,test,143
9101-NTIXF,train,3521
0013-SMEOE,train,4310
9314-QDMDW,train,3368
9308-ANMVE,test,660
2884-GBPFB,train,2029
3757-NJYBX,train,1391
3413-DHLPB,train,1153
7649-PHJVR,test,1009
6114-TCFID,train,1647
3787-TRIAL,test,155
2573-GYRUU,train,982
5156-UMKOW,train,3271
1247-QBVSH,train,5545
6734-GMPVK,train,3250
9822-OAOVB,train,257
6161-ERDGD,train,1443
1226-JZNKR,train,524
7318-EIVKO,train,3648
3771-PZOBW,train,2784
5136-KCKGI,train,613
8231-BSWXX,train,3066
6486-LHTMA,train,2542
4083-BFNYK,train,884
3722-WPXTK,test,278
7389-KBFIT,train,1926
7176-WIONM,train,73
5141-ZUVBH,train,994
1089-HDMKP,train,2749
7623-HKYRK,train,2737
0310-SUCIN,train,2916
5197-PYEPU,train,766
2929-ERCFZ,train,4799
7548-SEPYI,train,1670
8835-VSDSE,train,4546
6619-RPLQZ,train,1680
3275-RHRNE,train,4750
3503-TYDAY,train,2437
6901-GOGZG,train,5320
1623-NLDOT,train,5232
7021-XSNYE,train,3484
9621-OUPYD,train,33
9898-KZQDZ,train,1592
8982-NHAVY,train,1582
4307-KWMXE,train,5338
0141-YEAYS,train,1585
2450-ZKEED,train,814
3694-DELSO,train,4595
3893-JRNFS,test,635
9603-OAIHC,train,5268
1133-KXCGE,test,1248
5236-PERKL,test,378
0142-GVYSN,train,3721
1049-FYSYG,train,3803
7854-FOKSF,train,3388
2519-FAKOD,train,5391
8406-LNMHF,train,5113
1821-BUCWY,train,1719
8263-JQAIK,train,1342
0023-UYUPN,train,408
8314-DPQHL,train,1493
1465-WCZVT,train,683
9481-SFCQY,test,1071
6360-SVNWV,train,2328
0567-GGCAC,train,2629
7089-IVVAZ,train,2911
8884-MRNSU,train,653
2171-UDMFD,test,1041
9050-IKDZA,train,3117
2205-YMZZJ,train,3534
9802-CAQUT,train,199
1254-IZEYF,train,64
0187-WZNAB,train,1816
9492-TOKRI,train,1338
1475-VWVDO,test,881
9221-OTIVJ,test,100
1357-MVDOZ,train,1817
7602-MVRMB,train,1401
3325-FUYCG,test,1045
5908-QMGOE,train,3928
1197-BVMVG,train,3698
5406-KGRMX,train,1332
8481-YYXWG,train,67
5968-HYJRZ,train,1656
5198-EFNBM,test,893
7516-GMHUV,train,4586
7140-ADSMJ,train,4051
2230-XTUWL,test,953
7706-YLMQA,train,2897
2585-KTFRE,train,1254
7994-UYIVZ,train,3576
2609-IAICY,test,1259
1740-CSDJP,train,1780
7717-BICXI,test,59
6559-RAKOZ,test,462
2636-OHFMN,train,4193
4716-MRVEN,train,3039
2143-LJULT,train,2608
1323-OOEPC,train,1681
3200-MNQTF,test,446
6164-HXUGH,test,1315
5630-IXDXV,train,2730
0320-DWVTU,train,2531
9135-MGVPY,train,4853
1212-GLHMD,train,3076
7878-JGDKK,train,4247
1088-AUUZZ,test,1319
0397-GZBBC,train,5440
6614-YWYSC,train,2093
9588-OZDMQ,train,254
7641-EUYET,train,3573
6476-EPYZR,train,1157
9921-ZVRHG,train,118
1174-FGIFN,test,295
6620-HVDUJ,train,75
4701-MLJPN,test,39
1032-MAELW,train,5335
7641-TQFHN,test,656
1552-TKMXS,train,247
9206-GVPEQ,train,2505
8622-ZLFKO,test,746
1596-BBVTG,train,3242
6188-UXBBR,train,3038
2333-KWEWW,train,3174
5702-SKUOB,train,2015
1134-YWTYF,train,3699
6061-GWWAV,test,724
0679-TDGAK,train,3113
6585-WCEWR,train,2366
9067-YGSCA,train,348
9067-SQTNS,test,1383
8433-WXGNA,train,777
1776-SPBWV,test,1154
8735-SDUFN,test,708
9668-PUGNU,train,2395
9405-GPBBG,test,886
1926-QUZNN,test,549
3707-GNWHM,test,1116
7016-NVRIC,train,4599
5829-NVSQN,train,2163
9565-AXSMR,train,5034
8922-LIEGH,train,967
8869-LIHMK,train,1112
8245-UMPYT,test,568
5186-SAMNZ,test,816
0447-RXSGD,train,3134
4927-WWOOZ,test,41
5788-YPOEG,train,1373
5373-SFODM,test,159
0661-KBKPA,test,942
9081-WWXKP,train,3882
0784-ZQJZX,train,3810
3133-PZNSR,train,918
5766-ZJYBB,test,173
8931-GJJIQ,train,126
4277-PVRAN,train,1904
0022-TCJCI,train,5286
0722-SVSFK,train,2415
3612-YVGSJ,train,1243
9825-YCXWZ,train,2183
5397-NSKQG,train,5007
8565-HBFNN,train,1547
2000-DHJUY,train,3425
0203-HHYIJ,train,1138
8670-ERCJH,train,1362
7758-UJWYS,train,363
2050-ONYDQ,train,4025
7055-JCGNI,train,1527
0739-UUAJR,train,5421
4826-DXMUP,train,560
0952-KMEEH,test,245
7285-KLOTR,train,4302
0654-PQKDW,train,5602
7175-NTIXE,train,298
7963-SHNDT,train,5274
9796-BPKIW,train,3345
0188-GWFLE,train,3146
8129-GMVGI,test,901
2882-DDZPG,train,2713
3547-LQRIK,train,2376
9137-NOQKA,train,142
5843-TTHGI,train,4543
1849-RJYIG,train,3577
8868-GAGIO,train,4979
4061-UKJWL,train,2528
5380-XPJNZ,test,879
8263-QMNTJ,train,4047
8178-EYZUO,train,2856
3230-JCNZS,train,3908
0277-ORXQS,train,2135
5130-IEKQT,train,3276
3230-WYKIR,train,45
7996-BPXHY,test,961
3227-WLKLI,train,288
0407-BDJKB,train,4187
2266-FUBDZ,test,785
8237-ULIXL,train,4956
9600-UDOPK,train,3657
8216-AZUUZ,train,1069
9153-BTBVV,train,327
4074-SJFFA,train,4804
3269-ATYWD,train,1039
5186-PEIZU,train,3064
1074-AMIOH,test,476
4910-GMJOT,train,3631
0354-WYROK,train,3266
4361-FEBGN,train,550
7748-UMTRK,test,357
0380-ZCSBI,train,4963
7145-FEJWU,train,28
6463-MVYRY,train,1255
3969-JQABI,train,685
9624-EGDEQ,train,5462
1051-EQPZR,train,2192
5849-ASHZJ,train,2487
5780-INQIK,train,3561
7576-OYWBN,train,946
4526-ZJJTM,test,178
8384-FZBJK,train,3141
3750-RNQKR,train,2599
0962-CQPWQ,test,429
3096-YXENJ,train,3358
1265-BCFEO,train,2586
5837-LXSDN,train,3606
5945-AZYHT,train,1651
8325-QRPZR,train,1445
6384-VMJHP,train,3101
2262-SLNVK,train,4420
7730-CLDSV,train,5083
1135-HIORI,train,5591
0164-APGRB,test,1003
6481-ESCNL,test,806
1790-NESIO,train,1530
1550-EENBN,train,1365
5539-TMZLF,train,2947
4323-SADQS,test,483
4446-BZKHU,train,4922
5202-IVJNU,train,1226
5976-JCJRH,train,2823
8198-RKSZG,train,3703
0137-OCGAB,train,2512
3351-NQLDI,train,2575
9297-EONCV,train,3571
7593-JNWRU,train,195
4588-YBNIB,train,3372
1069-QJOEE,train,1184
3336-JORSO,train,2372
7799-DSEWS,train,4585
8766-PAFNE,train,1431
5315-CKEQK,train,4268
3130-ICDUP,train,5356
0820-FNRNX,train,5567
0880-FVFWF,train,928
4611-ANLQC,train,926
4213-HKBJO,test,1110
2792-LSHWX,train,3023
5028-GZLDO,train,5263
0014-BMAQU,train,3943
6861-XWTWQ,test,1175
9018-PCIOK,train,1610
4837-QUSFT,train,2205
6877-TJMBR,train,4574
9953-ZMKSM,train,2524
0907-HQNTS,train,5327
7665-NKLAV,train,2940
6769-DCQLI,train,752
2433-KMEAS,train,601
4391-LNRXK,train,4895
8250-ZNGGW,train,10
2195-ZRVAX,train,1495
3550-SAHFP,train,1608
2011-TRQYE,train,1845
8562-GHPPI,train,6
5893-PYOLZ,test,233
4986-MXSFP,train,5413
6131-FOYAS,train,4583
3027-YNWZU,test,177
5609-IMCGG,test,773
4873-ILOLJ,test,1236
4727-MCYZG,train,50
9481-WHGWY,train,4506
2725-KXXWT,train,2071
9565-DJPIB,train,226
4328-VUFWD,train,1188
3301-LSLWQ,train,2905
7473-ZBDSN,train,3004
3166-PNEOF,train,3959
5639-NTUPK,train,2111
8780-YRMTT,train,3241
8348-HFYIV,train,318
5140-FOMCQ,test,683
6242-SGYTS,test,691
8166-ORCHU,test,1209
8414-OOEEL,train,5
8454-AATJP,train,1920
6849-WLEYG,train,2571
4659-NZRUF,train,4783
4531-AUZNK,train,4722
4191-XOVOM,train,244
2150-OEGBV,test,983
8429-XIBUM,train,4757
1855-CFULU,test,308
4878-BUNFV,train,4851
1872-EBWSC,train,1413
2608-BHKFN,train,3087
7026-YMSBE,train,5433
7341-LXCAF,train,3453
6997-UVGOX,train,4427
9674-EHPPG,test,150
9462-MJUAW,train,1477
8128-YVJRG,train,2592
5440-VHLUL,test,1207
5781-BKHOP,train,3563
4283-FUTGF,test,192
5213-TWWJU,test,699
1569-TTNYJ,train,4229
8628-MFKAX,train,2907
2397-BRLOM,train,4201
7629-WIXZF,test,403
5445-GLVOT,train,2623
3976-HXHCE,train,183
2466-NEJOJ,train,2471
0254-KCJGT,test,563
5472-CVMDX,train,340
6461-SZMCV,train,4209
8150-QUDFX,train,1364
9508-ILZDG,test,320
2346-DJQTB,train,3814
1697-LYYYX,test,424
1942-OQFRW,test,1027
4749-VFKVB,train,1344
9640-ZSLDC,test,547
4231-LZUYM,train,3710
7598-UAASY,train,2762
7938-OUHIO,train,799
8510-AWCXC,train,2994
6128-AQBMT,test,688
3594-BDSOA,train,5632
0431-APWVY,test,374
5133-VRSAB,train,1484
5996-DAOQL,train,3024
6838-YAUVY,train,3906
0484-JPBRU,train,2273
7883-ROJOC,train,1181
0244-LGNFY,train,2269
7274-CGTOD,train,5284
4295-YURET,train,4645
3426-NIYYL,train,4329
8225-BTJAU,train,3764
4635-EJYPD,train,1579
1866-ZSLJM,train,3374
4636-TVXVG,train,437
4236-UJPWO,train,3229
9392-XBGTD,train,559
3387-VATUS,train,5003
6402-SSEJG,train,3886
1143-NMNQJ,test,788
1169-SAOCL,train,1966
1110-KYLGQ,test,1147
9929-PLVPA,train,3153
3518-PZXZQ,train,1091
2371-JUNGC,train,1830
7693-QPEFS,train,5328
0924-BJCRC,train,3385
5074-FBGHB,train,430
2351-BKRZW,train,2545
4455-BFSPD,train,3034
0415-MOSGF,train,5084
1724-BQUHA,train,3162
3948-KXDUF,test,751
2323-ARSVR,test,145
0815-MFZGM,train,1880
4826-XTSOH,train,742
5480-XTFFL,train,2520
8295-FHIVV,train,5507
2495-INZWQ,test,1300
9086-YJYXS,train,240
1179-INLAT,train,2491
7909-FIOIY,train,3207
4139-SUGLD,train,473
6857-VWJDT,test,710
6351-SCJKT,train,4181
5468-BPMMO,test,146
5624-BQSSA,train,2397
0197-PNKNK,train,1437
2439-QKJUL,train,5115
1194-SPVSP,test,1033
9534-NSXEM,test,739
2408-WITXK,train,2942
8929-KSWIH,train,665
2250-IVBWA,test,899
1810-MVMAI,train,13
9506-UXUSK,train,4394
1229-RCALF,train,3524
3572-UOLYZ,train,5225
1429-UYJSV,train,1318
5577-OTWWW,train,3614
6100-QQHEB,train,2005
6366-XIVKZ,test,1212
3470-OBUET,test,1342
2770-NSVDG,test,978
9375-MHRRS,train,5025
2634-HCZGT,train,1896
7503-QQRVF,test,1139
4860-YZGZM,train,2582
6599-GZWCM,train,2802
2691-NZETQ,train,4081
4404-HIBDJ,train,1386
5533-NHFRF,train,1397
7037-MTYVW,train,214
4760-THGOT,test,786
7295-JOMMD,train,5177
4016-BJKTZ,test,1179
6584-VQMYT,train,2028
9838-BFCQT,train,2252
2790-XUYMV,train,4175
0581-MDMPW,test,1001
5013-SBUIH,train,843
1023-BQXZE,test,965
9163-GHAYE,test,405
3904-UKFRE,train,303
5353-WILCI,train,1131
0709-TVGUR,train,2367
0058-EVZWM,test,1132
6023-YEBUP,test,647
7209-JCUDS,test,359
7009-PCARS,train,1960
0519-DRGTI,train,5185
1017-FBQMM,train,2179
3001-CBHLQ,train,2829
1985-MBRYP,train,1263
6158-DWPZT,train,3404
9372-TXXPS,test,984
3259-QMXUN,train,5336
1015-JPFYW,train,4322
6645-MXQJT,train,3093
4360-QRAVE,train,1467
8433-WPJTV,test,492
5804-JMYIO,train,614
3763-GCZHZ,train,2923
6484-LATFU,train,1119
7599-NTMDP,train,2443
0772-GYEQQ,train,2222
0536-ACXIP,test,930
0936-NQLJU,train,1618
4831-EOBFE,train,5318
1575-KRZZE,test,1012
3251-YMVWZ,test,676
4102-OQUPX,train,3636
9170-GYZJC,train,394
4884-LEVMQ,train,59
8857-CUPFQ,train,957
7610-TVOPG,train,893
3638-DIMPH,train,4575
1845-ZLLIG,train,4226
8559-WNQZS,train,4345
3999-QGRJH,train,3974
1699-UOTXU,train,3637
2454-RPBRZ,train,3712
0635-WKOLD,train,5119
5993-JSUWV,train,149
4518-FZBSX,train,3940
5387-ASZNZ,train,3817
6988-CJEYV,train,1549
2002-MZHWP,train,811
3097-FQTVJ,train,1172
5465-BUBFA,train,3025
7299-GNVPL,train,4936
9743-DQKQW,train,4023
1215-VFYVK,train,3181
9371-BITHB,train,3068
2265-CYWIV,train,1889
9093-FPDLG,train,4228
0541-FITGH,train,2333
6985-HAYWX,train,4870
7508-KBIMB,train,4265
6838-HVLXG,test,323
2277-DJJDL,test,198
1897-OKVMW,train,4156
5485-ITNPC,train,3019
0233-FTHAV,train,4480
4644-PIZRT,train,2754
8922-NPKBJ,train,5322
2740-TVLFN,train,5116
7771-CFQRQ,train,5005
9512-PHSMG,train,2540
6963-EZQEE,train,3309
2452-KDRRH,test,259
2004-OCQXK,train,2965
5027-QPKTE,train,2867
4146-SVFUD,train,2891
1564-HJUVY,train,1274
3617-XLSGQ,train,3866
7517-LDMPS,train,2811
7244-KXYZN,train,715
5226-NOZFC,test,760
2672-HUYVI,train,5161
1400-WIVLL,train,3416
7508-MYBOG,train,4408
8148-NLEGT,train,2843
0148-DCDOS,train,5179
8347-GDTMP,test,1310
9992-RRAMN,train,4114
6746-WAUWT,train,2072
0310-MVLET,test,1322
0428-IKYCP,train,2656
4550-VBOFE,train,3704
2187-PKZAY,test,993
4003-OCTMP,train,4844
6652-YFFJO,train,2326
7225-IILWY,train,1599
5248-RPYWW,train,3797
7923-IYJWY,train,5088
3170-GWYKC,train,574
5696-QURRL,train,2526
7409-KIUTL,test,749
9830-ECLEN,train,1018
1732-VHUBQ,train,3446
0495-RVCBF,train,1856
2668-TZSPS,test,330
7854-EDSSA,train,3283
8869-TORSS,test,931
7446-SFAOA,train,3268
9522-ZSINC,train,1663
8234-GSZYK,train,5027
6505-OZNPG,train,5046
6164-HAQTX,test,800
0679-IDSTG,test,1393
7765-LWVVH,train,3045
1658-TJVOA,test,302
0953-LGOVU,train,474
2115-BFTIW,train,730
4692-NNQRU,train,3314
7742-MYPGI,train,2523
0611-DFXKO,train,4810
7780-OTDSO,train,3772
9619-GSATL,train,384
5622-UEJFI,train,5021
9747-DDZOS,test,264
0674-DGMAQ,train,2197
6203-HBZPA,test,485
0484-FFVBJ,test,221
0301-FIDRB,test,340
4139-JPIAM,train,2750
2181-TIDSV,train,851
2761-XECQW,train,469
1936-CZAKF,test,778
9453-PATOS,train,1204
0564-JJHGS,train,4993
3348-CFRNX,train,3230
4402-FTBXC,test,190
1428-GTBJJ,train,4732
2931-XIQBR,train,5163
0106-UGRDO,test,1108
5542-TBBWB,test,629
1930-QPBVZ,train,4746
2606-PKWJB,train,1597
5322-ZSMZY,train,4264
8059-UDZFY,test,194
7740-BTPUX,train,3994
5220-AGAAX,train,4900
0208-BPQEJ,train,2266
9435-JMLSX,train,30
3352-ALMCK,train,131
5312-IRCFR,train,2584
5294-IMHHT,train,1376
8802-UNOJF,train,2693
6313-GIDIT,train,1464
6176-YJWAS,train,3008
5310-NOOVA,train,5404
4526-EXKKN,train,5093
5311-IHLEI,train,5073
3987-KQDDU,train,1883
3404-JNXAX,train,5045
5131-PONJI,train,1945
2845-AFFTX,train,1661
3489-VSFRD,test,1054
3345-JHUEO,train,4445
5815-HGGHV,train,2428
5260-UMPWX,train,887
2249-YPRNG,train,1981
7410-YTJIK,test,1224
4626-GYCZP,train,2871
5649-RXQTV,train,3303
2674-MIAHT,train,3841
2576-HXMPA,train,2031
7587-AOVVU,train,779
5590-BYNII,train,2701
6898-MDLZW,test,366
3237-AJGEH,test,865
4707-YNOQA,train,4336
9357-UJRUN,test,963
1591-NFNLQ,train,3701
8648-PFRMP,train,1718
7663-CUXZB,test,261
0258-NOKBL,test,449
1163-VIPRI,train,2145
2815-CPTUL,train,4730
9348-ROUAI,train,3130
9443-JUBUO,train,1295
0596-BQCEQ,train,1144
1481-ZUWZA,train,889
3043-TYBNO,train,846
4830-FAXFM,test,7
5906-BFOZT,train,1624
2960-NKRSO,test,956
8996-ZROXE,train,1707
5598-IKHQQ,train,1937
0397-ZXWQF,test,582
5266-PFRQK,test,754
4674-HGNUA,test,662
6765-MBQNU,train,518
9786-IJYDL,train,3362
1303-SRDOK,train,15
3769-MHZNV,train,2008
6295-OSINB,train,3936
3308-MHOOC,train,781
2309-OSFEU,test,1135
2207-QPJED,train,418
4177-JPDFU,train,5160
2239-CFOUJ,test,846
8046-DNVTL,train,3022
2209-XADXF,train,3527
6620-JDYNW,train,1183
1891-FZYSA,train,150
4770-UEZOX,train,563
1038-RQOST,test,808
7613-LLQFO,train,5392
4568-TTZRT,train,5029
9513-DXHDA,train,3664
2640-PMGFL,train,3621
3801-HMYNL,train,3529
0516-QREYC,train,4984
9685-WKZGT,test,830
6022-UGGSO,test,569
8084-OIVBS,train,1669
8896-BQTTI,train,1694
3865-QBWSJ,train,4374
3352-RICWQ,train,110
2160-GPFXD,train,541
2065-MMKGR,train,1855
5857-TYBCJ,train,4854
1498-NHTLT,train,2617
4484-CGXFK,train,2682
1402-PTHGN,train,2096
4176-RELJR,train,5219
6214-EDAKZ,train,2384
5199-FPUSP,train,1800
6377-KSLXC,train,5159
1796-JANOW,train,3108
0238-WHBIQ,train,1218
8735-NBLWT,test,1176
6651-RLGGM,train,2393
6127-ISGTU,train,1038
1614-JBEBI,train,2220
8740-XLHDR,train,2123
1208-DNHLN,train,1546
1761-AEZZR,train,2757
3923-CSIHK,test,729
5696-EXCYS,train,2219
5795-KTGUD,train,1706
7120-RFMVS,train,5296
7924-GJZFI,train,1405
4702-HDRKD,test,675
8512-WIWYV,train,1506
5897-ZYEKH,train,2166
5456-ITGIC,train,2081
7317-GGVPB,train,1810
1406-PUQVY,train,5183
1322-AGOQM,train,2037
3677-IYRBF,test,240
5692-FPTAH,test,158
9114-AAFQH,train,3472
8715-KKTFG,train,209
1550-LOAHA,test,1137
1728-BQDMA,train,3990
0268-QKIWO,train,3611
0876-WDUUZ,test,556
5117-ZSMHQ,train,1065
5151-HQRDG,train,2468
0960-HUWBM,train,3198
6465-GSRCL,train,1975
0617-FHSGK,train,4995
0263-FJTQO,test,1301
7319-ZNRTR,train,4969
2858-MOFSQ,train,5603
7503-EPSZW,train,3903
7089-XXAYG,train,4902
8118-LSUEL,train,2711
8070-AAWZP,train,2099
1666-JXLKU,train,3461
7855-DIWPO,test,938
5133-POWUA,test,1213
5652-MSDEY,train,3281
7005-CCBKV,test,794
1810-BOHSY,train,4591
1784-BXEFA,test,697
7351-MHQVU,train,146
9224-VTYID,train,4327
9500-IWPXQ,train,960
5762-TJXGK,train,391
4504-YOULA,train,3021
5569-IDSEY,train,3432
4250-FDVOU,train,4469
7284-ZZLOH,train,871
5277-ZLOOR,train,1303
2141-RRYGO,train,5242
1777-JYQPJ,train,1508
6376-GAHQE,test,907
3401-URHDA,train,3042
1599-EAHXY,train,5192
8631-XVRZL,train,3759
5052-PNLOS,test,1118
3853-LYGAM,train,3221
6979-ZNSFF,test,621
5751-USDBL,test,934
5680-LQOGP,train,844
2386-LAHRK,test,735
8189-DUKMV,train,4406
6032-IGALN,train,3255
9931-DCEZH,train,2828
1898-JSNDC,train,1730
0315-LVCRK,train,1291
3911-RSNHI,train,1516
2410-CIYFZ,train,921
4248-HCETZ,train,3695
5505-OVWQW,test,750
7271-AJDTL,train,1809
1867-TJHTS,train,141
0516-WJVXC,train,3696
9174-FKWZE,train,4128
6860-YRJZP,train,5019
4429-WYGFR,train,5245
2817-LVCPP,train,927
5038-ETMLM,train,4498
5056-FIMPT,train,1613
4521-WFJAI,test,500
6569-KTMDU,train,290
8809-RIHDD,train,4204
8809-XKHMD,test,463
0396-YCHWO,train,14
0867-LDTTC,train,5181
4822-NGOCH,train,1325
9391-DXGGG,train,3089
9844-FELAJ,test,522
2122-SZZZD,train,4221
5307-DZCVC,train,4587
3148-AOIQT,train,1513
8679-JOEVF,train,4602
8395-ETZKQ,train,5171
6692-YQHXC,train,4287
3889-VWBID,train,1766
5222-JCXZT,train,3083
9754-CLVZW,train,4340
1432-FPAXX,train,3706
2739-CCZMB,train,47
7080-TNUWP,train,534
0496-AHOOK,train,1638
8336-TAVKX,train,3315
2468-SJFLM,train,3339
3181-VTHOE,train,366
7168-HDQHG,train,4341
4803-AXVYP,train,2703
3884-HCSWG,train,2753
4567-AKPIA,train,2858
5077-DXTCG,train,2432
1142-WACZW,train,398
7901-HXJVA,train,2992
5649-ANRML,train,4958
4892-VLANZ,test,1019
5924-IFQTT,train,867
7968-QUXNS,train,2614
2919-HBCJO,test,319
4236-XPXAV,train,1814
8903-WMRNW,train,668
2452-SNHFZ,train,673
3629-WEAAM,train,1949
6029-CSMJE,train,3682
7993-NQLJE,train,1
9909-DFRJA,test,1311
9099-FTUHS,train,570
0581-BXBUB,test,976
4962-CHQPW,test,339
9467-ROOLM,train,468
3030-YZADT,train,2476
7410-KTVFV,test,67
5150-ITWWB,train,4654
2253-KPMNB,train,4765
1345-ZUKID,train,2913
6429-SHBCB,test,933
9281-OFDMF,train,4100
2603-HVKCG,train,1423
1834-WULEG,train,1072
9097-ZUBYC,test,112
5148-ORICT,train,378
4893-GYUJU,train,1104
4578-PHJYZ,train,1296
7272-QDCKA,train,5080
8908-SLFCJ,train,3919
8393-DLHGA,test,241
9766-HGEDE,train,1569
6968-MHOMU,test,238
7395-IGJOS,train,3711
5044-XDPYX,train,2287
1814-WFGVS,train,675
2834-SPCJV,train,4940
3721-WKIIL,train,269
6734-CKRSM,train,2556
1265-ZFOSD,train,1983
6568-POCUI,test,164
7890-VYYWG,train,1051
5197-LQXXH,train,2327
9907-SWKKF,test,87
3457-PQBYH,train,4709
7682-AZNDK,train,185
0587-DMGBH,train,4729
5384-ZTTWP,train,2848
3745-HRPHI,train,679
7636-OWBPG,train,1222
1231-YNDEK,train,3884
1407-DIGZV,train,897
6397-JNZZG,train,5628
0570-BFQHT,train,2692
4393-OBCRR,train,4342
3523-QRQLL,test,992
8564-LDKFL,train,2370
3696-DFHHB,train,1565
0895-DQHEW,train,4071
4717-GHADL,test,1131
5501-TVMGM,test,1082
5879-HMFFH,train,3786
6772-WFQRD,train,3483
3810-DVDQQ,train,2441
6972-SNKKW,train,1355
3694-GLTJM,test,207
8550-XSXUQ,train,5089
8149-RSOUN,train,920
9055-MOJJJ,train,1379
4359-INNWN,test,80
0585-EGDDA,train,5399
4032-RMHCI,train,1073
0549-CYCQN,train,68
3481-JHUZH,train,5164
7250-EQKIY,test,322
3594-IVHJZ,test,78
6869-FGJJC,train,105
3896-ZVNET,train,3197
8205-VSLRB,train,4772
5960-MVTUK,train,1444
6817-WTYHE,train,2479
3082-VQXNH,train,5187
4013-UBXWQ,train,3545
4931-TRZWN,train,2172
0750-EKNGL,train,822
7669-LCRSD,test,873
3567-PQTSO,test,1125
5519-NPHVG,train,1097
8043-PNYSD,train,5064
9938-EKRGF,train,4365
2703-AMTUL,train,1769
0928-JMXNP,train,4847
8173-RXAYP,test,201
4825-XJGDM,train,3604
5402-HTOTQ,test,153
6734-JDTTV,train,4398
7850-THJMU,train,2671
3890-RTCMS,train,5587
8849-GYOKR,test,167
3148-BLQJT,train,2789
3717-FDJFU,test,845
3665-JATSN,train,3121
7966-YOTQW,train,4831
0461-CVKMU,train,466
8806-EAGWC,train,252
8853-TZDGH,train,5140
7779-LGOVN,train,3218
4324-BZCKL,train,3845
6924-TDGMT,train,2934
9710-ZUSHQ,test,423
1536-YHDOE,train,4407
8123-QBNAZ,train,40
3629-ZNKXA,train,4890
4827-LTQRJ,train,2196
7711-YIJWC,train,2724
5482-VXSXJ,train,2060
7365-BVCJH,train,924
9620-ENEJV,train,411
4183-WCSEP,train,1576
2378-YIZKA,train,4771
5498-TXHLF,train,3431
0689-DSXGL,train,1798
6818-DJXAA,train,3672
9722-UJOJR,train,3260
0464-WJTKO,train,2110
8902-ZEOVF,train,1050
6778-EICRF,train,1982
2662-NNTDK,train,1559
4132-KALRO,train,4752
3902-FOIGH,train,4118
6772-KSATR,train,1482
7112-OPOTK,train,5493
2874-YXVVA,train,655
1245-HARPS,train,3386
4210-QFJMF,train,2903
4323-ELYYB,train,977
4293-ETKAP,train,1611
6064-PUPMC,train,358
6504-VBLFL,train,1870
6322-PJJDJ,train,1886
0330-BGYZE,train,4206
1085-LDWAM,test,48
7586-ZATGZ,train,1115
7197-VOJMM,train,3871
3318-OSATS,train,3335
5828-AVIPD,test,758
1843-TLSGD,train,3586
9626-VFRGG,train,1733
7075-BNDVQ,train,1393
9143-CANJF,test,364
7284-BUYEC,train,337
2041-JIJCI,test,481
1086-LXKFY,train,3761
4900-MSOMT,train,3493
2229-VWQJH,train,3872
9194-GFVOI,train,5390
1336-EZFZY,train,285
4282-MSACW,train,3311
1403-LKLIK,train,1163
2636-ALXXZ,train,3391
7774-OJSXI,train,797
7786-WBJYI,train,5264
0136-IFMYD,train,2612
5144-TVGLP,test,1191
9643-AVVWI,test,839
0253-ZTEOB,train,2552
2706-QZIHY,train,2778
6061-PQHMK,train,3003
9885-CSMWE,train,853
6137-MFAJN,train,4955
9122-UMROB,test,742
4232-JGKIY,train,5444
2402-TAIRZ,train,4430
9659-ZTWSM,train,2426
9139-TWBAS,train,5077
6685-GBWJZ,test,303
5016-ETTFF,train,2137
3866-MDTUB,train,1120
2195-VVRJF,test,355
3913-RDSJZ,train,3040
8058-JMEQO,train,2223
4203-QGNZA,train,3375
5043-TRZWM,train,4689
0697-ZMSWS,train,932
7657-DYEPJ,train,916
9494-BDNNC,train,5504
1640-PLFMP,train,2342
5366-OBVMR,train,5482
8276-MQBYC,train,5105
7644-OMVMY,train,5608
7593-XFKDI,train,4308
4573-JKNAE,train,4389
0337-CNPZE,train,4577
9817-APLHW,train,3934
8380-MQINP,train,1959
0840-DFEZH,train,2827
1513-XNPPH,train,3036
8690-ZVLCL,train,5394
6015-VVHHE,train,3751
1125-SNVCK,train,328
0384-LPITE,train,4627
4616-EWBNJ,train,2585
6347-DCUIK,train,3939
1335-HQMKX,train,1515
2545-EBUPK,test,889
6923-AQONU,train,3353
2172-EJXVF,train,2194
0897-FEGMU,train,1148
7663-RGWBC,test,894
1120-BMWUB,train,2013
9124-LHCJQ,train,2589
4536-PLEQY,train,1563
7029-IJEJK,train,5314
8871-JLMHM,train,2422
2235-ZGKPT,train,2804
3891-PUQOD,test,244
5447-VYTKW,train,714
3623-FQBOX,test,168
0689-NKYLF,train,5059
8659-HDIYE,train,588
3658-KIBGF,test,65
3474-BAFSJ,train,3681
5519-YLDGW,train,818
3865-ZFZIB,test,1358
1855-AGAWH,train,890
7109-CQYUZ,train,2378
1370-GGAWX,test,646
4680-KUTAJ,train,5412
5307-UVGNB,train,1767
4946-EDSEW,test,841
2883-ILGWO,train,5505
2516-VQRRV,train,4495
7580-UGXNC,train,5022
3642-BYHDO,test,664
9629-NHXFW,test,208
2696-RZVZW,test,537
5766-FTRTS,train,2795
0396-HUJBP,train,3497
5178-LMXOP,test,1090
8879-ZKJOF,train,4464
6285-FTQBF,train,3061
8185-UPYBR,train,210
4585-HETAI,train,1102
7526-BEZQB,train,2831
1474-JUWSM,train,4395
3530-CRZSB,train,2149
8498-XXGWA,train,2462
9617-INGJY,train,2889
0621-TSSMU,train,598
7234-KMNRQ,train,1331
7636-PEPNS,test,1011
4683-WYDOU,train,2215
9052-DHNKM,test,772
6794-HKIAJ,train,4387
5578-NKCXI,train,5435
1642-HMARX,train,555
3096-WPXBT,test,380
8434-PNQZX,train,521
5950-AAAGJ,train,4077
4299-OPXEJ,test,883
4951-UKAAQ,train,77
9618-LFJRU,train,3380
6693-DJWTY,train,78
0744-GKNGE,train,2097
6447-EGDIV,train,1077
1167-OYZJF,train,3262
2108-YKQTY,test,64
4806-DXQCE,train,1149
4918-QLLIW,train,1168
7056-IMHCC,test,950
4854-SSLTN,train,5562
5294-DMSFH,train,5354
4837-PZTIC,train,1370
1625-JAIIY,train,4062
0603-OLQDC,train,3554
3272-VUHPV,train,689
4176-FXYBO,train,930
1063-DHQJF,test,1096
8663-UPDGF,train,54
6719-FGEDO,train,3240
1837-YQUCE,train,2683
2947-DOMLJ,train,1382
4112-LUEIZ,train,4191
0369-ZGOVK,train,808
4510-HIMLV,train,1316
9919-KNPOO,train,4042
8749-JMNKX,train,2598
7872-BAAZR,train,1980
9391-LMANN,train,4910
2430-USGXP,train,4102
8174-TBVCF,train,4657
1698-XFZCI,train,3253
1877-HKBQX,train,915
4450-DLLMH,train,1434
0428-AXXLJ,train,2209
2746-DIJLO,test,376
5955-ERIHD,train,1836
0917-EZOLA,train,4019
3508-VLHCZ,test,616
4086-ATNFV,test,1050
0468-YRPXN,train,4579
5996-NRVXR,train,4570
3739-YBWAB,train,2954
7047-FWEYA,train,1888
2000-MPKCA,train,4487
9762-YAQAA,train,2018
5949-EBSQK,test,744
5473-KHBPS,test,803
0100-DUVFC,train,3518
5397-TUPSH,train,654
8950-MTZNV,train,5092
0326-VDYXE,train,4044
6773-LQTVT,test,1371
7274-RTAPZ,train,3544
0436-TWFFZ,train,1003
8566-YPRGL,train,99
0311-UNPFF,train,5298
6609-MXJHJ,train,4728
2669-OIDSD,train,5018
8400-WZICQ,test,1214
3834-XUIFC,train,219
9576-SYUHJ,test,967
0410-IPFTY,test,195
2831-EBWRN,train,4698
9430-NKQLY,test,300
8414-MYSHR,train,2061
0247-SLUJI,train,1689
9402-ORRAH,train,1109
6483-OATDN,test,1384
1293-HHSHJ,train,826
4840-ORQXB,test,1220
7599-FKVXZ,train,4410
3982-DQLUS,train,5362
8610-ZIKJJ,train,2880
3756-VNWDH,test,1201
7801-KICAO,train,1085
7673-LPRNY,train,4536
8229-TNIQA,train,2278
6060-QBMGV,train,5085
7339-POGZN,train,3164
2828-SLQPF,test,1072
4465-VDKIQ,train,5517
2921-XWDJH,train,4636
6221-AVQYL,train,4194
2558-BUOZZ,train,3927
9257-AZMTZ,train,4230
0003-MKNFE,train,5473
0975-UYDTX,train,3945
7743-EXURX,train,3237
4682-BLBUC,train,5101
0975-VOOVL,train,344
5968-VXZLG,train,5039
5569-KGJHX,train,2002
4988-IQIGL,train,1424
5201-FRKKS,train,4208
9799-CAYJJ,train,2154
7730-IUTDZ,train,5598
0426-TIRNE,train,2034
5443-SCMKX,train,1583
8295-KMENE,train,705
6738-ISCBM,train,3325
9821-BESNZ,train,852
3678-MNGZX,train,4307
1335-NTIUC,test,280
2916-BQZLN,train,1334
4558-CGYCZ,train,4490
2368-GAKKQ,test,1253
8710-YGLWG,train,1726
3199-XGZCY,test,46
3785-KTYSH,train,66
6814-ZPWFQ,test,1262
4063-EIKNQ,train,4088
6993-YCOBK,test,673
5206-HPJKM,train,5099
7587-RZNME,test,116
0748-RDGGM,train,3889
8393-JMVMB,train,2257
5019-GQVCR,train,4517
6036-TTFYU,train,1209
2550-AEVRU,train,159
0969-RGKCU,train,4050
0378-CJKPV,train,3862
4706-AXVKM,test,13
5889-JTMUL,test,1352
9026-RNUJS,train,5144
3746-EUBYR,train,3525
2332-EFBJY,train,4360
2880-FPNAE,train,3674
1703-MGIAB,train,1264
4311-QTTAI,train,3334
9474-PHLYD,train,4886
4318-RAJVY,train,3961
2165-VOEGB,test,910
3612-YUNGG,train,4413
2254-DLXRI,test,733
5062-CJJKH,test,736
9028-LIHRP,train,2242
2219-MVUSO,train,5228
1053-MXTTK,train,5474
1530-ZTDOZ,test,553
1301-LOPVR,train,3649
0853-TWRVK,train,3964
8914-RBTSB,test,1314
6212-ATMLK,train,5254
8200-LGKSR,train,4449
1568-BEKZM,test,755
0670-ANMUU,train,3931
6897-RWMUB,train,5379
0963-ZBDRN,test,829
7594-RQHXR,train,3175
6999-CHVCF,train,139
6134-KWTBV,test,33
1077-HUUJM,test,480
6331-EWIEB,train,1089
0895-LNKRC,train,2842
2045-BMBTJ,train,490
8417-GSODA,train,1543
5171-EPLKN,train,3726
4452-QIIEB,train,4037
5998-VVEJY,train,2720
1624-NALOJ,train,1512
6741-EGCBI,train,172
7820-ZYGNY,train,5352
4317-VTEOA,test,573
9677-AVKED,train,505
1670-SVOWZ,train,143
2227-JRSJX,test,6
9847-HNVGP,train,2799
6696-YDAYZ,train,1229
8980-WQFWL,train,2304
1730-ZMAME,train,1640
6506-EYCNH,train,5581
4634-JLRJT,train,4681
9501-UKKNL,train,1534
2560-QTSBS,train,686
7541-YLXCL,train,2787
4795-WRNVT,train,4580
6080-TCMYC,test,1094
0260-ZDLGK,train,1605
7860-UXCRM,train,259
6357-JJPQT,train,619
2292-XQWSV,train,660
9552-TGUZV,train,4412
5913-INRQV,train,4279
8722-NGNBH,train,357
6210-KBBPI,train,5269
9643-YBLUR,train,1202
8734-FNWVH,train,1991
9447-YPTBX,train,5065
0133-BMFZO,train,3722
6128-CZOMY,train,2697
9540-JYROE,train,3874
9026-LHEVG,train,1704
2260-USTRB,train,2872
3656-TKRVZ,train,5454
7011-CVEUC,train,2258
6185-TASNN,train,4764
7925-PNRGI,train,3258
8623-TMRBY,train,3616
1552-CZCLL,train,1934
3038-PQIUY,train,763
1501-SGHBW,train,1305
9313-CDOGY,test,109
8148-BPLZQ,train,1286
2623-DRYAM,train,561
9987-LUTYD,train,2744
3208-YPIOE,train,3011
4488-KQFDT,train,3957
2612-RANWT,train,3193
5693-PIPCS,train,3531
0491-KAPQG,train,3449
1925-LFCZZ,train,2726
8039-EQPIM,train,513
6900-PXRMS,train,1488
8707-RMEZH,train,5380
3346-BRMIS,train,1922
3209-ZPKFI,train,1137
6479-VDGRK,train,4280
9373-WSLOY,train,3403
2933-FILNV,train,837
3569-JFODW,train,2497
9819-FBNSV,test,666
9544-PYPSJ,test,35
1591-XWLGB,train,2761
0396-UKGAI,train,1242
3243-ZHOHY,train,4565
5186-EJEGL,test,972
7527-QNRUS,train,3627
9986-BONCE,test,1276
2722-JMONI,train,1667
2203-GHNWN,test,945
3878-AVSOQ,train,189
3258-SYSWS,train,2391
5296-PSYVW,train,1929
6319-QSUSR,train,4563
4083-EUGRJ,train,3819
7579-OOPEC,test,508
0512-FLFDW,train,2634
1771-OADNZ,train,3951
0487-CRLZF,train,4176
2107-FBPTK,train,1463
9451-WLYRI,train,2972
8219-VYBVI,test,1321
1991-VOPLL,train,2790
9738-QLWTP,train,250
1016-DJTSV,test,491
9419-IPPBE,train,4083
0174-QRVVY,test,939
5699-BNCAS,train,3744
2900-PHPLN,train,5031
0612-RTZZA,train,5258
8106-GWQOK,train,806
8751-EDEKA,train,5536
6878-GGDWG,train,3062
4039-PIMHX,test,585
8450-LUGUK,train,2611
3604-WLABM,test,810
0795-GMVQO,train,2496
2259-OUUSZ,train,3406
1142-IHLOO,train,4664
6410-LEFEN,train,1238
4633-MKHYU,train,5533
6257-RJOHI,test,689
1545-JFUML,test,287
3194-ORPIK,train,1840
7826-VVKWT,train,4615
1353-GHZOS,train,847
2587-EKXTS,test,268
5442-BXVND,test,203
8816-VXNZD,train,2890
9378-FXTIZ,test,652
1723-HKXJQ,train,460
7825-GKXMW,train,3382
9753-OYLBX,train,5223
2364-UFROM,train,2165
6656-JWRQX,train,3719
6473-ULUHT,test,1032
1240-KNSEZ,test,797
0836-SEYLU,train,3779
4433-JCGCG,train,371
3716-BDVDB,test,740
7688-AWMDX,train,227
2842-BCQGE,train,2408
7244-QWYHG,train,2410
5899-MQZZL,train,4629
6849-OYAMU,train,4240
5312-UXESG,train,2107
9488-HGMJH,train,5190
6038-GCYEC,train,5508
2150-WLKUW,train,5052
7159-FVYPK,train,2261
7032-LMBHI,test,702
1150-WFARN,test,326
6088-BXMRG,train,3736
3144-AUDBS,train,2234
4821-SJHJV,train,4691
7346-MEDWM,train,1581
1137-DGOWI,train,3005
5616-PRTNT,train,4553
3812-LRZIR,test,1403
4818-QIUFN,test,1377
9483-GCPWE,test,859
4227-OJHAL,test,74
9220-CXRSC,train,1471
4993-JCRGJ,test,1000
9537-JALFH,test,37
6698-OXETB,test,905
2103-ZRXFN,train,427
3724-BSCVH,train,5133
4877-TSOFF,test,851
9209-NWPGU,test,44
6961-VCPMC,train,5216
7306-YDSOI,train,2705
5288-AHOUP,train,520
6688-UZPWD,train,63
0655-YDGFJ,train,1987
8468-EHYJA,train,2306
6823-SIDFQ,test,144
1097-FSPVW,test,825
2839-RFSQE,test,165
8328-SKJNO,train,3016
7010-ZMVBF,test,692
5201-CBWYG,train,2800
0968-GSIKN,train,4076
1965-DDBWU,test,856
9057-SIHCH,test,627
6352-GIGGQ,train,4569
3635-QQRQD,train,1894
6771-XWBDM,train,514
2897-DOVND,train,4296
3082-YVEKW,train,2385
0191-EQUUH,train,2490
7134-HBPBS,train,1832
3489-HHPFY,train,1684
2926-JEJJC,test,256
8601-QACRS,test,1388
4950-BDEUX,train,0
5789-LDFXO,train,1665
0508-OOLTO,train,4121
2984-TBYKU,train,22
9822-WMWVG,test,989
2391-SOORI,test,1049
9040-KZVWO,test,414
2645-QTLMB,train,268
4806-HIPDW,train,1414
1548-ARAGG,train,2561
6339-RZCBJ,train,258
4424-TKOPW,train,5452
4415-WNGVR,train,2070
2522-AHJXR,test,363
0412-UCCNP,train,911
1816-FLZDK,test,1104
7096-UCLNH,train,1913
8443-ZRDBZ,test,235
9136-ALYBR,train,2350
4615-PIVVU,train,3228
8885-QSQBX,train,3057
7479-NITWS,train,5471
8617-ENBDS,train,5058
9385-NXKDA,test,4
0430-IHCDJ,test,798
2959-MJHIC,test,774
6674-KVJHG,train,5209
1814-DKOLC,train,724
4201-JMNGR,train,2133
9351-HXDMR,test,642
3537-HPKQT,train,319
2129-ALKBS,test,451
5821-MMEIL,train,2000
5960-WPXQM,train,1899
0684-AOSIH,train,3516
8260-NGFNY,train,2161
1309-XGFSN,train,650
1866-RZZQS,train,1224
6968-URWQU,test,1387
4742-TXUEX,test,580
9631-XEYKE,train,1158
8631-NBHFZ,train,1176
1335-MXCSE,train,162
8873-TMKGR,test,805
8800-JOOCF,train,1442
1469-LBJQJ,train,4840
4958-XCBDQ,train,2247
8337-UPOAQ,train,169
0064-YIJGF,train,3502
2386-OWURY,test,576
1725-IQNIY,train,5150
0310-VQXAM,train,657
6598-RFFVI,test,418
3453-RTHJQ,train,747
6712-OAWRH,test,128
6278-FEPBZ,train,5256
4280-DLSHD,train,4288
1508-DFXCU,train,1402
8614-VGMMV,train,4106
7868-BGSZA,train,4411
2800-QQUSO,test,450
2930-UOTMB,test,219
7973-DZRKH,train,3513
5914-DVBWJ,train,3937
7698-YFGEZ,train,4146
2533-QVMSK,test,757
9773-PEQBZ,train,4272
8644-XLFBW,train,4594
0650-BWOZN,train,5582
8625-AZYZY,train,5132
7785-RDVIG,train,2935
9602-WCXPI,train,1117
2903-YYTBW,train,4
3620-MWJNE,train,321
8573-JGCZW,test,283
6837-HAEVO,train,2982
6701-YVNQG,test,1008
9306-CPCBC,train,215
4304-XUMGI,train,3598
9504-YAZWB,train,833
8819-ZBYNA,test,356
6174-NRBTZ,train,3474
9481-IEBZY,train,1404
1833-VGRUM,train,2348
6137-NICCO,test,900
9065-ZCPQX,train,4690
6402-EJMWF,test,260
3620-EHIMZ,train,1848
3213-VVOLG,train,2100
6870-ECSHE,train,1008
8747-UDCOI,train,2033
8374-XGEJJ,train,3879
2656-TABEH,train,764
6946-LMSQS,test,212
4626-OZDTJ,train,3046
9169-BSVIN,train,2510
2325-ZUSFD,test,796
8194-PEEBY,train,708
6872-HXFNF,test,727
3932-CMDTD,test,514
7714-YXSMB,train,249
8387-UGUSU,train,2522
1080-BWSYE,train,5374
4039-HEUNW,train,4749
1194-HVAIF,train,2678
0812-WUPTB,train,426
3594-UVONA,test,351
0004-TLHLJ,test,833
1767-TGTKO,train,2254
8439-LTUGF,train,3896
8805-JNRAZ,test,272
5089-IFSDP,train,1093
6418-HNFED,test,1375
0206-OYVOC,train,4861
7291-CDTMJ,train,4707
7128-GGCNO,train,5033
0237-YFUTL,train,3333
7691-KGKGP,train,568
6710-HSJRD,test,85
3675-EQOZA,test,1406
0840-DCNZE,train,3173
1732-FEKLD,train,2873
9862-KJTYK,train,124
0479-HMSWA,train,971
5854-KSRBJ,train,4043
0365-BZUWY,train,4625
4817-VYYWS,test,674
5701-SVCWR,train,1114
3129-AAQOU,train,901
4922-CVPDX,train,3
1396-QWFBJ,train,121
1357-BIJKI,test,1391
1099-BTKWT,train,4222
5299-SJCZT,train,4097
2018-PZKMU,train,2506
7340-KEFQE,train,5450
4570-QHXHL,test,518
2403-BCASL,train,4616
7392-YYPYJ,train,5146
2898-LSJGD,train,1956
2223-GDSHL,train,4250
7359-PTSXY,train,2839
9470-RTWDV,train,1253
2176-OSJUV,train,4161
9348-YVOMK,train,4074
8104-OSKWT,train,4957
4521-YEEHE,train,3847
4090-KPJIP,test,1285
3786-WOVKF,train,1818
4503-BDXBD,train,48
6086-ESGRL,train,2291
2592-HODOV,train,370
3886-CERTZ,train,5550
7995-ZHHNZ,train,1436
3824-RHKVR,train,4048
5816-SCGFC,train,2714
5989-AXPUC,train,1756
4979-HPRFL,train,3816
8590-OHDIW,test,1013
8015-IHCGW,test,274
2332-TODQS,test,315
9278-VZKCD,test,1010
8008-OTEZX,train,3929
2773-OVBPK,train,5300
5999-LCXAO,train,4020
5206-XZZQI,train,4358
4803-LBYPN,train,462
5759-RCVCB,test,783
6372-RFVNS,test,771
2139-FQHLM,test,831
8261-GWDBQ,train,136
1093-YSWCA,train,4970
8938-UMKPI,test,622
0991-BRRFB,train,5129
3882-IYOIJ,train,3986
8749-TZYEC,train,538
1755-FZQEC,train,5282
3115-JPJDD,train,4002
5600-KTXFM,train,3408
3871-IKPYH,train,2440
6319-IEJWJ,test,231
9025-AOMKI,train,1998
6339-TBELP,train,3336
7964-YESJC,train,500
6173-GOLSU,test,1119
5275-SQEIZ,train,3098
7716-YTYHG,train,2690
9938-ZREHM,train,2467
7950-XWOVN,train,1660
4390-KYULV,train,3423
4647-MUZON,test,1073
9702-AIUJO,train,1433
8849-PRIQJ,train,2186
8851-RAGOV,train,117
1304-NECVQ,train,5419
5396-IZEPB,train,2436
1729-VLAZJ,test,1098
8285-ABVLB,train,251
0701-TJSEF,test,877
5712-VBOXD,train,1260
6629-LADHQ,train,12
8945-GRKHX,train,410
1559-DTODC,test,1365
4797-MIWUM,train,3694
6959-UWKHF,train,2148
8720-RQSBJ,train,1007
4537-CIBHB,test,202
3815-SLMEF,train,645
5154-VEKBL,train,5625
4324-AHJKS,train,1057
4355-CVPVS,train,100
4495-LHSSK,train,3923
5655-JSMZM,train,3224
5915-ANOEI,train,5448
9861-PDSZP,train,1012
4505-EXZHB,train,5215
7225-CBZPL,train,825
6704-UTUKK,test,887
4587-VVTOX,test,630
2019-HDCZY,test,433
4652-NNHNY,train,1738
8788-DOXSU,train,1126
7404-JLKQG,test,852
7421-ZLUPA,train,4541
8972-HJWNV,train,3495
3274-NSDWE,train,3210
2632-IVXVF,train,4777
3692-JHONH,train,5398
8915-NNTRC,test,1341
5914-GXMDA,train,3930
7463-IFMQU,train,4540
2920-RNCEZ,train,3777
2541-YGPKE,test,313
8515-OCTJS,train,4382
5382-TEMLV,train,2430
3441-CGZJH,train,4461
9592-ERDKV,train,1210
2860-RANUS,test,90
5261-QSHQM,train,350
4778-IZARL,train,2640
0432-CAJZV,test,111
7008-LZVOZ,train,4466
8868-WOZGU,train,3072
1200-TUZHR,train,694
9365-CSLBQ,test,869
1334-FJSVR,train,1076
5884-FBCTL,train,2414
7130-CTCUS,test,25
6242-FEGFD,train,4319
7625-XCQRH,train,464
6194-HBGQN,test,516
7634-WSWDB,train,2162
6986-IXNDM,train,5184
1731-TVIUK,test,533
2987-BJXIK,test,680
9769-TSBZE,train,1928
0406-BPDVR,train,2728
0618-XWMSS,train,5514
1395-WSWXR,train,2095
6023-GSSXW,train,1662
6752-APNJL,train,2431
5276-KQWHG,train,4724
0420-HLGXF,train,2295
7446-KQISO,train,4892
9823-EALYC,train,3272
0582-AVCLN,train,2003
5803-NQJZO,test,1348
2565-JSLRY,train,2874
2607-DHDAK,train,4290
1073-XXCZD,train,1116
0743-HRVFF,test,362
4006-HKYHO,train,1111
3727-JEZTU,train,4481
8143-ETQTI,train,1709
6689-KXGBO,train,1143
9667-TKTVZ,train,497
3657-COGMW,train,567
8570-KLJYJ,test,1166
7754-IXRMC,train,1159
9473-CBZOP,test,861
2969-WGHQO,test,307
6615-NGGZJ,train,145
4334-HOWRP,train,2533
4255-DDUOU,train,4110
5863-OOKCL,test,251
1686-STUHN,train,4304
1329-VHWNP,train,2764
2984-MIIZL,train,1273
0266-GMEAO,train,4908
5590-YRFJT,train,1562
5574-NXZIU,test,473
0019-GFNTW,train,4354
4256-ZWTZI,test,53
8309-PPCED,train,1919
4098-NAUKP,train,5350
5196-WPYOW,train,4283
4608-LCIMN,train,609
1485-YDHMM,train,1749
4054-CUMIA,train,5590
0603-TPMIB,train,3811
2525-GVKQU,test,507
8161-QYMTT,test,995
9581-GVBXT,train,5044
5862-BRIXZ,train,1068
5404-GGUKR,train,3180
3308-JSGML,train,2846
2126-GSEGL,train,1448
3677-TNKIO,train,314
0440-QEXBZ,test,179
2434-EEVDB,train,5173
6762-QVYJO,train,2772
6199-IWKGC,train,5048
2675-DHUTR,train,1722
8152-VETUR,train,491
9667-EQRXU,train,3594
7446-YPODE,train,2075
9522-BNTHX,train,5244
4676-WLUHT,train,1040
3329-WDIOK,train,3984
7980-MHFLQ,train,5134
2873-ZLIWT,train,2388
3415-TAILE,train,2966
0757-WCUUZ,train,875
1629-DQQVB,test,789
1915-IOFGU,train,1220
3045-XETSH,train,3398
0374-AACSZ,train,2459
7239-HZZCX,test,619
4872-VXRIL,train,1074
9140-CZQZZ,train,3634
3423-HHXAO,train,2227
9938-TKDGL,train,205
0531-ZZJWQ,test,249
6537-QLGEX,train,1539
2688-BHGOG,train,605
7683-CBDKJ,train,2300
0946-CLJTI,train,2918
3160-TYXLT,train,1772
1325-USMEC,train,5429
0916-QOFDP,train,4099
0628-CNQRM,test,849
5606-AMZBO,test,151
6199-IPCAO,train,1828
7665-TOALD,train,750
0112-QWPNC,train,4521
0324-BRPCJ,train,5620
2777-PHDEI,train,4467
5640-CAXOA,train,622
2235-EZAIK,train,3468
3847-BAERP,test,1161
1196-AMORA,train,3754
4282-YMKNA,train,2454
1453-RZFON,train,2486
8263-OKETD,train,3199
0670-KDOMA,train,4643
2476-YGEFM,train,5621
8687-BAFGU,train,5249
0641-EVBOJ,train,93
0829-XXPLX,train,5427
9974-JFBHQ,train,49
5356-RHIPP,train,5522
6624-JDRDS,train,4419
0608-JDVEC,test,926
9780-FKVVF,train,1079
1919-RTPQD,train,3298
5214-NLTIT,train,3737
3345-PBBFH,train,4983
5055-BRMNE,train,4108
9189-JWSHV,train,3667
2190-PHBHR,train,3120
2650-GYRYL,train,4225
0746-JTRFU,train,4205
5208-FVQKB,train,2756
7184-LRUUR,train,3055
6627-CFOSN,train,4444
3982-JGSFD,test,368
1574-DYCWE,test,529
7247-XOZPB,train,3099
2466-FCCPT,train,1410
6211-WWLTF,train,717
4826-TZEVA,train,1603
6016-NXBNJ,train,3980
9138-EFSMO,test,73
0576-WNXXC,test,949
4632-XJMEX,train,3065
8910-LEDAG,train,390
3452-GWUIN,train,4355
2716-GFZOR,train,1561
3724-UCSHY,train,5233
8626-XHBIE,train,757
4628-CTTLA,train,5235
3192-LNKRK,train,1927
4439-YRNVD,train,2534
2876-VBBBL,train,3539
6834-NXDCA,test,997
2208-UGTGR,train,2158
3005-TYFRD,train,5511
8670-MEFCP,train,2863
3079-BCHLN,train,4823
7777-UNYHB,train,3635
5597-GLBUC,train,1558
7278-CKDNC,test,764
2748-MYRVK,test,210
8450-UYIBU,train,3795
2969-VAPYH,train,5331
4822-YCXMX,train,4347
7181-OQCUT,test,1053
8474-UMLNT,train,5087
9821-POOTN,train,3128
3836-FZSDJ,test,271
9142-XMYJH,test,1258
6559-ILWKJ,train,4621
0187-QSXOE,train,831
7733-UDMTP,test,373
2649-HWLYB,test,169
5214-CHIWJ,train,1803
4229-CZMLL,test,182
6904-JLBGY,train,2302
2465-BLLEU,train,2416
1685-VAYJF,train,4183
8874-EJNSR,train,4168
6917-YACBP,train,1113
5049-MUBWG,test,314
4223-WOZCM,test,211
0769-MURVM,test,1060
9253-VIFJQ,train,119
7030-FZTFM,train,549
9741-YLNTD,test,383
5917-RYRMG,test,609
5120-ZBLAI,train,2423
1194-BHJYC,train,1025
3663-MITLP,train,2546
0906-QVPMS,train,4320
9025-ZRPVR,test,550
1905-OEILC,train,3233
7858-GTZSP,train,828
3285-UCQVC,train,3148
6248-BSHKG,test,1340
4685-TFLLS,train,936
3470-BTGQO,train,2182
1209-VFFOC,train,4346
8224-DWCKX,train,5117
5482-PLVPE,train,2538
4553-DVPZG,train,2914
4902-OHLSK,train,2390
6917-IAYHD,train,4317
0495-ZBNGW,train,5230
8620-RJPZN,test,401
7572-KPVKK,test,857
2642-MAWLJ,train,4405
2357-COQEK,train,2429
7103-ZGVNT,train,2741
3737-GCSPV,train,2066
2027-WKXMW,train,1942
7137-NAXML,train,4714
2428-ZMCTB,test,129
2961-VNFKL,train,4138
1768-HNVGJ,train,1843
6963-KQYQB,train,2616
5934-RMPOV,train,4459
1207-BLKSA,train,201
4088-YLDSU,train,4638
8316-BBQAY,train,220
1166-PQLGG,test,162
3146-JTQHR,train,4641
4291-YZODP,train,2041
4395-PZMSN,train,3427
6427-FEFIG,train,506
0017-IUDMW,test,292
8706-HRADD,train,872
9955-QOPOY,train,4534
4385-ZKVNW,train,3503
5446-DKWYW,test,474
2034-CGRHZ,train,4004
5797-APWZC,train,4535
3683-QKIUE,train,612
4228-ZGYUW,train,1455
9031-ZVQPT,train,4656
2990-IAJSV,test,747
8107-KNCIM,train,3308
9027-YFHQJ,train,5135
5176-LDKUH,train,1343
4644-OBGFZ,train,4502
7926-IJOOU,train,4158
6480-YAGIY,train,1301
4029-HPFVY,test,1396
7602-DBTOU,test,226
5345-BMKWB,train,4532
3519-ZKXGG,test,693
5457-COLHT,test,732
6416-TVAIH,train,696
5451-YHYPW,train,4213
5108-ADXWO,train,4760
7998-WNZEM,test,138
3066-RRJIO,train,5400
4664-NJCMS,train,4326
0307-BCOPK,test,1031
7629-WFGLW,train,4801
2542-HYGIQ,train,2807
6715-OFDBP,train,3763
5016-LIPDW,train,2064
6481-LXPWL,train,4087
1567-DSCIC,train,4523
2150-UWTFY,train,5055
6124-ACRHJ,train,4359
9362-MWODR,train,1914
9975-GPKZU,train,1420
9625-RZFUK,train,4547
5153-LXKDT,train,5512
5161-UBZXI,train,1345
1020-JPQOW,train,5157
7919-ZODZZ,test,1381
0565-JUPYD,train,5626
6867-ACCZI,train,4492
5939-XAIXZ,train,784
9054-FOWNV,test,327
2683-BPJSO,train,5384
2157-MXBJS,train,4402
8207-VVMYB,test,1121
9732-EQMWY,train,5554
9360-AHGNL,train,3728
1087-UDSIH,test,444
5269-NRGDP,train,3123
6195-MELTI,train,1964
5485-WUYWF,train,3189
2121-JAFOM,train,2424
8818-DOPVL,test,499
2632-UCGVD,train,3857
5445-PZWGX,test,511
1227-UDMZR,test,802
5198-HQAEN,train,4561
9170-CCKOU,train,2427
2167-FQSTQ,train,4179
2819-GWENI,train,4500
1043-YCUTE,train,5305
3814-MLAXC,train,3956
3572-UUHRS,train,4679
2692-PFYTJ,test,756
1226-UDFZR,train,2157
5955-EPOAZ,train,4571
6821-JPCDC,train,2233
8815-LMFLX,train,1228
9135-HSWOC,test,1239
8582-KRHPJ,test,434
5811-IWXYM,train,839
7044-YAACC,train,4416
8189-XRIKE,train,5443
1506-YJTYT,train,1425
4123-DVHPH,train,3976
6425-YQLLO,train,5385
5442-UTCVD,train,954
2228-BZDEE,train,4673
7734-DBOAI,train,5569
2789-CZANW,train,4693
2091-RFFBA,train,3395
2114-MGINA,train,3047
7596-LDUXP,train,2501
3740-RLMVT,train,3265
4489-SNOJF,test,638
2192-OZITF,train,5297
5651-CPDND,train,1829
2186-QZEYA,train,4659
1131-ALZWV,test,1089
7729-XBTWX,test,1290
9134-WYRVP,train,1105
3284-SVCRO,train,3264
9732-OUYRN,train,4605
0559-CKHUS,test,460
2931-SVLTV,train,1164
6899-PPEEA,test,1007
7504-UWHNB,test,1140
2582-FFFZR,train,2413
8908-NMQTX,train,1797
2187-LZGPL,train,1925
1431-AIDJQ,train,3548
6288-LBEAR,train,725
4597-NUCQV,train,5600
9019-QVLZD,train,1307
8413-YNHNV,train,1377
5808-TOTXO,test,294
4369-NYSCF,train,3752
6333-YDVLT,train,80
5324-KTGCG,test,1122
5599-HVLTW,train,1241
7394-LWLYN,train,5325
3707-LRWZD,train,4827
6873-UDNLD,train,739
2700-LUEVA,test,1357
1455-ESIQH,train,2788
0958-YHXGP,test,1102
1101-SSWAG,train,3981
2979-SXESE,train,4735
4013-TLDHQ,train,484
5743-KHMNA,train,2006
4194-FJARJ,train,5617
5325-UWTWJ,train,5340
3969-GYXEL,train,2375
9208-OLGAQ,train,2455
3244-CQPHU,train,3647
2674-MLXMN,train,267
9708-HPXWZ,train,3086
6992-TKNYO,train,1340
4468-YDOVK,test,668
3754-DXMRT,train,3878
5792-JALQC,train,1268
7130-VTEWQ,test,958
2200-DSAAL,train,3014
4302-ZYFEL,test,32
9351-LZYGF,train,2024
4366-CTOUZ,train,1775
6121-VZNQB,train,4328
7903-CMPEY,train,5420
1518-OMDIK,train,5182
6671-NGWON,train,3720
0595-ITUDF,train,5323
6996-KNSML,train,4607
1955-IBMMB,train,2814
0096-BXERS,test,884
3806-YAZOV,train,2620
7998-ZLXWN,train,266
6253-WRFHY,train,4218
9133-AYJZG,train,5619
2675-OTVVJ,train,2786
8680-CGLTP,train,2551
8430-TWCBX,test,1026
5018-GWURO,train,3007
6741-QRLUP,train,351
4737-HOBAX,test,1380
0537-QYZZN,train,3350
3340-QBBFM,train,2074
1704-NRWYE,train,1973
2592-SEIFQ,train,5551
8200-KLNYW,train,639
3372-CDXFJ,train,582
4781-ZXYGU,train,4276
7632-YUTXB,test,1144
2718-YSKCS,train,1761
9896-UYMIE,train,3570
0853-NWIFK,train,2187
8212-CRQXP,train,5166
6980-CDGFC,train,2732
7691-XVTZH,test,242
2520-SGTTA,train,1999
7481-ATQQS,train,3369
2277-VWCNI,test,1084
1088-CNNKB,train,4104
8642-GVWRF,train,1902
1930-BZLHI,train,4292
3400-ESFUW,test,1099
5868-YTYKS,train,3825
3525-DVKFN,train,4139
1482-OXZSY,train,4817
0377-JBKKT,test,777
5778-BVOFB,train,2279
3373-YZZYM,train,42
2057-ZBLPD,test,914
0228-MAUWC,train,4163
5502-RLUYV,train,2262
0023-HGHWL,train,2929
7663-YJHSN,train,1306
4915-BFSXL,train,4409
3086-RUCRN,train,575
5215-LNLDJ,train,4897
7576-JMYWV,train,2406
9039-RBEEE,test,524
0257-KXZGU,test,1080
1307-ATKGB,train,1230
8417-FMLZI,train,5396
3714-XPXBW,train,3569
1850-AKQEP,train,2698
2824-DXNKN,test,335
5227-JSCFE,train,204
0848-ZGQIJ,train,4132
3621-CHYVB,train,5486
8042-RNLKO,train,4630
1792-UXAFY,train,1245
5372-FBKBN,train,1946
0420-TXVSG,test,827
6217-TOWGS,train,4348
0515-YPMCW,train,1348
0378-XSZPU,train,4868
1045-LTCYT,train,4675
1544-JJMYL,train,4032
4636-JGAAI,train,3172
6874-SGLHU,test,521
5951-AOFIH,test,348
4729-XKASR,train,983
3059-NGMXB,train,5226
8652-YHIYU,train,450
5278-PNYOX,train,1678
5449-FIBXJ,train,62
3486-HOOGQ,train,278
5061-PBXFW,test,1356
8630-FJLIB,train,3384
3891-NLXJB,train,186
4749-OJKQU,train,4189
0577-WHMEV,train,3735
5453-AXEPF,train,2978
3639-XJHKQ,test,200
3716-LRGXK,train,61
2263-SFSQZ,test,843
9950-MTGYX,test,1405
3397-AVTKU,train,4548
4825-FUREZ,test,71
9837-BMCLM,train,4589
2672-OJQZP,test,1112
0137-UDEUO,train,4747
3134-DSHVC,train,2938
6161-UUUTA,train,738
7821-DPRQE,train,2564
6543-XRMYR,test,921
2001-EWBQU,test,669
4925-LMHOK,train,4855
1608-GMEWB,train,3316
6695-AMZUF,train,4046
1455-UGQVH,train,43
8410-BGQXN,train,1897
8280-MQRQN,test,979
1619-YWUBB,train,3924
7611-YKYTC,train,2226
2037-SGXHH,train,4667
3178-FESZO,train,2976
0365-GXEZS,test,3
0082-OQIQY,test,217
6087-MVHJH,train,1619
4603-JANFB,train,1179
3018-TFTSU,test,1005
3606-SBKRY,train,1127
4806-KEXQR,test,1066
0667-NSRGI,train,2420
7083-YNSKY,train,2083
6893-ODYYE,train,4703
8242-JSVBO,train,4849
2479-BRAMR,train,4964
9541-ZPSEA,train,83
2665-NPTGL,test,371
1139-WUOAH,test,1308
4693-VWVBO,test,453
7434-SHXLS,train,4941
6937-GCDGQ,train,1763
0988-JRWWP,test,548
5075-JSDKI,train,2785
7908-QCBCA,train,5076
8644-XYTSV,train,4786
6711-FLDFB,train,2362
3873-WOSBC,train,4560
7465-ZZRVX,train,206
7975-JMZNT,train,1804
7251-XFOIL,test,506
4116-IQRFR,train,542
3714-JTVOV,train,5467
8259-DZLIZ,train,2945
0442-ZXKVS,train,342
7853-WNZSY,test,1232
3120-FAZKD,train,5389
8606-OEGQZ,train,3478
0225-ZORZP,train,3401
4702-IOQDC,train,5415
9489-JMTTN,train,4174
0575-CUQOV,train,2894
0967-BMLBD,train,4846
6178-KFNHS,train,5141
2830-LEWOA,train,5112
5006-MXVRN,train,4260
1264-BYWMS,train,3755
9658-WYUFB,train,3075
8327-WKMIE,train,399
6917-FIJHC,test,1021
5329-KRDTM,test,1030
7797-EJMDP,train,709
3530-VWVGU,test,661
2013-SGDXK,train,1130
6368-NWMCE,train,3460
3633-CDBUW,train,4976
0707-HOVVN,test,1081
8580-QVLOC,test,687
3956-MGXOG,train,1588
9274-UARKJ,train,2973
4077-HWUYD,train,5189
2012-NWRPA,train,2632
8808-ELEHO,train,1187
0103-CSITQ,train,1389
3506-LCJDC,train,3257
8671-KKKOS,test,903
7305-ZWMAJ,train,2615
9518-XXBXE,train,4494
3934-HXCFZ,train,3955
6578-KRMAW,train,4913
4860-IJUDE,train,5213
7666-WKRON,test,534
9688-YGXVR,train,3790
0423-UDIJQ,train,2245
1945-XISKS,test,79
4910-AQFFX,train,5097
2154-KVJFF,train,5615
5360-LJCNJ,test,243
2607-FBDFF,train,1052
9647-ERGBE,train,992
3428-XZMAZ,train,157
1100-DDVRV,test,222
0378-TOVMS,train,2963
4355-HBJHH,train,3112
6728-WYQBC,train,5285
9058-CBREO,train,615
9029-FEGVJ,train,4269
7216-KAOID,test,1057
0318-QUUOB,train,532
6145-NNPNO,train,5152
5520-FVEWJ,train,5623
5339-TJFEK,train,2554
5572-ZDXHY,train,997
2074-GUHPQ,train,4496
4625-XMOYM,train,544
5827-MWCZK,train,4256
1385-TQOZW,test,227
5914-XRFQB,train,2626
4329-YPDDQ,test,1271
4804-NCPET,train,2535
3750-CKVKH,test,948
5944-UGLLK,train,5592
8063-GBATB,train,3452
7787-BNTZM,train,19
2252-ISRNH,train,3813
9415-TPKRV,train,3466
5322-TEUJK,train,3028
4547-KQRTM,train,4116
4877-EVATK,train,1910
1866-DIOQZ,train,386
8375-KVTHK,train,2996
2697-NQBPF,train,4270
3709-OIJEA,train,4440
7639-SUPCW,train,310
1386-ZIKUV,test,722
0599-XNYDO,test,170
6377-WHAOX,test,559
6855-VLGOS,train,4660
8999-XXGNS,train,442
8746-OQQRW,train,1192
3181-MIZBN,test,1017
0471-ARVMX,test,1359
7766-CLTIC,train,3259
5650-YLIBA,test,1190
0825-CPPQH,train,4914
9084-OAYKL,train,4865
6122-LJADA,train,1575
2400-XIWIO,train,1466
7524-VRLPL,train,483
1069-XAIEM,test,1109
7569-NMZYQ,train,5570
5201-USSQZ,train,1799
2105-PHWON,train,4471
1494-EJZDW,test,1103
4884-TVUQF,train,3209
8003-EWNDZ,train,2849
1897-RCFUM,train,633
9256-JTBNZ,test,1325
4658-HCOHW,test,88
2211-RMNHO,train,2318
2432-TFSMK,test,1023
3440-JPSCL,train,758
4929-ROART,train,3691
1834-ABKHQ,train,292
1741-WTPON,test,358
3932-IJWDZ,train,1744
1240-HCBOH,train,4425
3594-KADLU,test,929
8065-BVEPF,train,2661
3796-ENZGF,train,5589
1734-ZMNTZ,train,3081
2853-CWQFQ,train,447
0813-TAXXS,train,4415
2519-TWKFS,train,905
2889-FPWRM,train,1398
0626-QXNGV,train,3673
6723-CEGQI,train,1535
6987-XQSJT,train,2485
4732-RRJZC,train,4552
9499-XPZXM,train,2112
4338-EYCER,train,2860
3007-FDPEA,train,1529
6350-XFYGW,train,1419
4290-BSXUX,train,1359
8513-OLYGY,train,841
0311-QYWSS,train,955
8705-DWKTI,train,3791
8755-IWJHN,train,3894
0325-XBFAC,train,5012
4480-QQRHC,train,4115
0929-PECLO,train,3883
3680-CTHUH,test,526
1202-KKGFU,train,879
6112-KTHFQ,test,468
1852-XEMDW,test,891
2462-XIIJB,train,3027
4760-XOHVN,train,5024
1820-DJFPH,test,623
9426-SXNHE,train,1865
9068-FHQHD,train,5622
1269-FOYWN,train,4383
9470-YFUYI,train,2023
7817-BOQPW,test,828
7402-EYFXX,train,4945
1853-UDXBW,test,911
9895-VFOXH,train,3192
5458-CQJTA,train,707
1230-QAJDW,train,2748
5701-ZIKJE,train,1795
5219-YIPTK,train,3149
5032-MIYKT,train,634
7396-VJUZB,train,723
9717-QEBGU,test,555
5172-RKOCB,train,3284
6509-TSGWN,train,4917
3540-RZJYU,test,1173
3178-CIFOT,train,3827
2091-MJTFX,test,265
4530-NDRKU,test,633
5985-TBABQ,train,3000
9800-ONTFE,train,1773
6743-HHQPF,train,3659
8455-HIRAQ,test,1231
6616-AALSR,train,1021
0883-EIBTI,train,193
9415-ZNBSX,train,4788
4018-KJYUY,train,1695
0722-TROQR,train,1023
7571-YXDAD,test,412
3884-UEBXB,test,1153
8780-RSYYU,test,395
5537-UXXVS,test,1195
1791-PQHBB,train,4794
8701-DGLVH,test,998
8741-LQOBK,test,543
3393-FMZPV,train,4634
8082-GHXOP,train,2369
6402-ZFPPI,train,5631
0980-FEXWF,test,1218
7486-KSRVI,train,1219
3011-WQKSZ,test,263
8443-WVPSS,train,1314
3006-XIMLN,test,947
8218-FFJDS,train,3274
1986-PHGZF,train,239
9965-YOKZB,train,820
0504-HHAPI,train,1876
9360-OMDZZ,train,3760
6305-YLBMM,train,213
0345-XMMUG,train,1320
8024-XNAFQ,test,115
3647-GMGDH,train,5439
2988-GBIVW,train,1509
2832-SCUCO,train,3584
7036-ZZKBD,train,155
3791-LGQCY,train,4833
0265-PSUAE,test,1368
0463-TXOAK,test,970
0594-UFTUL,train,545
9509-MPYOD,train,4815
9128-CPXKI,test,220
0129-KPTWJ,train,4683
8166-ZZTFS,train,2345
5855-EIBDE,train,1505
5365-LLFYV,train,168
5956-YHHRX,train,1070
6008-NAIXK,train,3855
2956-GGUCQ,train,1328
1928-BXYIV,train,4559
5760-FXFVO,test,817
6595-COKXZ,train,2769
0961-ZWLVI,train,1042
5181-OABFK,test,1402
4007-NHVHI,train,367
7816-VGHTO,test,1336
5871-DGTXZ,train,4986
7550-WIQVA,train,2946
7544-ZVIKX,train,3960
0016-QLJIS,train,1858
7508-DQAKK,train,2131
5176-OLSKT,train,790
9356-AXGMP,train,1178
3556-BVQGL,train,354
0362-ZBZWJ,train,2675
8979-CAMGB,train,2886
4211-MMAZN,test,1024
7581-EBBOU,test,696
4274-OWWYO,train,4246
5073-RZGBK,train,4096
1541-ETJZO,test,343
2192-CKRLV,train,788
3154-HMWUU,train,2353
6119-SPUDB,test,95
6522-OIQSX,train,1462
7813-ZGGAW,train,4531
8748-HFWBO,train,1447
1052-QJIBV,train,3783
1319-YLZJG,test,775
4106-HADHQ,train,2577
0723-FDLAY,train,535
3050-RLLXC,train,435
9298-WGMRW,test,1180
2369-UAPKZ,train,2290
3088-LHEFH,train,2706
2778-OCLGR,test,539
6583-KQJLK,train,3802
8544-JNBOX,train,3742
6681-ZSEXG,test,1226
6139-ZZRBQ,train,5516
6116-RFVHN,train,4401
0637-KVDLV,train,3235
8884-FEEWR,train,4759
3125-RAHBV,test,605
6633-MPWBS,train,3978
0373-AIVNJ,test,932
8785-EPNCG,train,2343
1682-VCOIO,train,4241
5729-KLZAR,train,5013
2072-ZVJJX,train,2229
8849-AYPTR,test,232
9518-IMLHK,train,286
1582-RAFML,train,1064
3646-ITDGM,test,1407
8740-CRYFY,train,2377
3569-VLDHH,train,5449
8224-KDLKN,test,70
7594-LZNWR,train,2094
4001-TSBTV,train,1225
2962-XPMCQ,train,1213
8727-XDPUD,test,1400
1043-UXOVO,train,4973
1064-FBXNK,train,3103
3996-ZNWYK,train,5261
2878-DHMIN,train,778
7762-ONLJY,test,84
1678-FYZOW,train,2877
5795-BKOYE,train,3079
8627-EHGIP,train,5311
7402-PWYJJ,train,2174
5480-TBGPH,train,1262
0018-NYROU,train,4921
7501-VTYLJ,train,2845
7608-RGIRO,train,2530
0480-BIXDE,train,3670
5895-QSXOD,train,397
9814-AOUDH,test,752
6175-IRFIT,test,156
8760-ZRHKE,train,2525
1622-HSHSF,test,1369
8854-CCVSQ,train,5036
6749-UTDVX,train,3600
5542-DHSXL,train,1612
9102-OXKFY,train,261
0511-JTEOY,train,1532
5216-WASFJ,train,436
7808-DVWEP,train,4278
7067-KSAZT,test,613
2284-VFLKH,train,1996
0366-NQSHS,train,4991
6532-YLWSI,train,5251
3807-BPOMJ,train,988
3892-NXAZG,train,3287
4948-WBBKL,train,1968
4182-BGSIQ,train,5383
9300-AGZNL,train,4130
0988-AADSA,train,4680
9972-NKTFD,test,137
3717-LNXKW,train,4052
5734-EJKXG,train,1190
2207-RYYRL,train,34
6729-FZWSY,train,2676
9695-IDRZR,train,1540
8144-DGHXP,train,5483
7814-LEEVE,train,4182
1112-CUNAO,test,411
5175-AOBHI,train,3454
5174-RNGBH,train,4731
8631-WUXGY,train,581
7270-BDIOA,train,1459
9565-JSNFM,test,1141
5906-DVAPM,train,1304
6654-QGBZZ,test,290
8348-JLBUG,train,90
0607-DAAHE,train,4055
5641-DMBFJ,train,130
9200-NLNPD,train,5442
2664-XJZNO,train,2027
9732-KPKBW,test,1078
3339-EAQNV,test,1029
0921-OHLVP,train,3171
3389-YGYAI,train,4994
9560-ARGQJ,train,2896
8350-NYMVI,train,4661
1600-DILPE,train,1346
0536-ESJEP,train,1015
4654-GGUII,train,4743
6478-HRRCZ,train,4805
8510-BBWMU,train,2141
6857-TKDJV,train,2570
2360-RDGRO,train,5147
0584-BJQGZ,train,3379
5134-IKDAY,train,980
1360-XFJMR,test,811
3070-DVEYC,train,2289
5730-RIITO,train,5566
9058-MJLZC,train,2837
5707-ORNDZ,train,235
0902-XKXPN,train,4871
5177-RVZNU,train,948
0056-EPFBG,test,1129
8993-IZEUX,train,3342
8696-JKZNU,test,1148
5380-AFSSK,train,2283
8190-ZTQFB,test,1063
0931-MHTEM,train,896
2055-PDADH,train,855
7515-LODFU,test,40
0440-UEDAI,test,665
1337-BOZWO,train,3491
0868-VJRDR,test,160
8714-EUHJO,test,413
6344-SFJVH,train,1823
3950-VPYJB,train,2884
8041-TMEID,train,4157
7321-ZNSLA,train,2
6941-KXRRV,train,1022
3721-CNEYS,test,882
8727-JQFHV,train,5151
9475-NNDGC,train,3705
1355-KUSBG,train,4263
3688-FTHLT,train,703
0899-LIIBW,test,239
2568-OIADY,train,4468
1384-RCUXW,train,5287
5825-XJOCM,test,832
6848-YLDFR,test,835
8125-QPFJD,train,236
2320-YKQBO,train,5528
1193-RTSLK,train,929
2302-ANTDP,train,4061
5923-GXUOC,train,2045
4973-RLZVI,test,1076
7869-ZYDST,train,1461
4501-UYKBC,test,1329
1215-EXRMO,train,801
2305-MRGLV,train,4015
8404-VIOMB,train,3285
5233-GEEAX,train,1930
2359-KLTEK,train,3909
5304-EFJLP,train,1221
2673-ZALNP,train,3770
9184-GALIL,train,4928
4393-RYCRE,train,1655
9746-MDMBK,train,129
3162-ZJZFU,train,1544
8404-GFGCZ,train,1084
8875-AKBYH,train,4901
4432-ADRLB,train,3414
0533-UCAAU,train,4351
1394-SUIUH,train,5137
3521-MNKLV,train,3724
2533-TIBIX,train,731
8993-PHFWD,test,854
1565-RHDJD,train,4098
7137-RYLPP,train,3564
3765-JXVKY,train,1000
5092-STPKP,train,539
7330-WZLNC,train,2657
0114-PEGZZ,train,5484
3359-DSRKA,train,3383
8639-NHQEI,train,5306
7161-DFHUF,train,4650
3957-LXOLK,train,336
3720-DBRWL,train,198
6635-MYYYZ,train,913
8565-WUXZU,train,4012
5281-BUZGT,test,844
4994-OBRSZ,train,4845
0562-FGDCR,test,60
2436-QBZFP,train,5573
3420-YJLQT,train,838
6040-CGACY,train,2767
6582-PLFUU,train,2910
8242-PDSGJ,train,3669
0264-CNITK,train,1167
0089-IIQKO,train,420
7839-NUIAA,train,2718
6075-QMNRR,test,206
5378-IKEEG,train,1191
5966-EMAZU,test,1332
0440-EKDCF,train,320
4774-HHGGS,train,2129
2718-GAXQD,train,2080
2055-BFOCC,train,1121
8180-AKMJV,train,4755
4298-OYIFC,train,2113
5566-SOEZD,test,823
9842-EFSYY,test,741
2272-WUSPA,test,1240
4584-LBNMK,train,642
3898-GUYTS,train,1081
0930-EHUZA,train,2774
6413-XKKPU,train,1080
9975-SKRNR,train,1616
3703-KBKZP,train,2473
1449-XQEMT,train,3090
2626-URJFX,train,643
4973-MGTON,train,5515
3682-YEUWS,train,3196
1223-UNPKS,train,1323
2612-RRIDN,train,1863
4735-ASGMA,test,408
3446-QDSZF,train,1129
3669-LVWZB,train,1859
6892-EZDTG,train,698
5117-IFGPS,train,4024
7379-FNIUJ,train,2648
1627-AFWVJ,train,5276
9725-SCPZG,train,2519
5884-GCYMI,train,3869
3217-FZDMN,train,3082
4486-EFAEB,train,1715
0060-FUALY,train,4951
7853-GVUDZ,train,4740
7480-QNVZJ,train,4988
6954-OOYZZ,train,4960
7088-FBAWU,train,1489
8313-AFGBW,train,3820
3943-KDREE,train,2315
9239-ZBZZV,train,5200
3097-IDVPU,train,3302
4398-HSCJH,train,5086
2197-OMWGI,train,3185
2303-PJYHN,train,4649
9795-VOWON,train,2771
1237-WIYYZ,train,4566
1987-AUELQ,train,1053
7852-LECYP,train,457
4430-UZIPO,train,1779
4822-LPTYJ,train,3941
8165-CBKXO,train,108
6527-PZFPV,test,551
4855-SNKMY,train,274
9593-CVZKR,train,5241
8595-SIZNC,train,1141
8008-HAWED,train,4975
7124-UGSUR,test,1205
1862-SKORY,train,4617
5236-XMZJY,test,337
4827-DPADN,train,361
2694-CIUMO,test,284
5846-ABOBJ,train,2299
1439-LCGVL,train,1851
0909-SDHNU,train,3628
4647-XXZAM,train,1531
1502-XFCVR,train,5174
7740-KKCXF,train,5303
5360-XGYAZ,train,2722
9692-TUSXH,test,1229
7912-SYRQT,test,1346
3557-HTYWR,train,4093
4816-JBHOV,train,4522
8920-NAVAY,train,998
1699-TLDLZ,train,3445
5600-PDUJF,test,1280
8292-TYSPY,train,5437
0567-XRHCU,train,4031
1867-BDVFH,test,743
2067-QYTCF,train,2118
2359-QWQUL,train,3114
9103-TCIHJ,test,286
7407-SUJIZ,train,1381
9150-KPBJQ,train,4133
0052-DCKON,train,2357
3654-ARMGP,train,1962
9699-UBQFS,train,2392
9367-TCUYN,test,281
1261-FWTTE,test,215
3528-HFRIQ,train,1009
0708-SJDIS,train,787
4140-WJAWW,train,4756
2073-QBVBI,train,748
6928-ONTRW,train,3244
3320-VEOYC,test,1092
5231-FIQPA,train,4712
6617-WLBQC,train,3987
2599-CIPQE,train,4806
6653-CBBOM,train,5042
8774-GSBUN,train,2358
7326-RIGQZ,train,2184
1401-FTHFQ,train,2055
3247-ZVOUO,train,4978
0254-FNMCI,train,3332
1848-LBZHY,test,878
6101-IMRMM,train,3898
8118-TJAFG,train,2030
5429-LWCMV,train,2243
7298-IZWLY,train,4421
9758-MFWGD,test,181
3955-JBZZM,train,3916
1268-ASBGA,train,1551
8943-URTMR,train,3750
4815-TUMEQ,train,773
4713-LZDRV,test,417
9909-IDLEK,train,2346
4092-OFQZS,train,388
1561-BWHIN,train,1634
4325-NFSKC,train,4623
9927-DSWDF,test,1225
9500-LTVBP,train,1570
7252-NTGSS,train,332
8149-AIQCG,train,3396
1360-JYXKQ,test,592
2955-PSXOE,test,996
7762-URZQH,train,3601
0899-WZRSD,train,1621
3255-GRXMG,train,3830
4828-FAZPK,train,2988
6094-ZIVKX,train,2294
6925-BAYGL,train,3352
3262-EIDHV,train,2696
7354-OIJLX,test,1123
1376-HHBDV,train,2601
6907-NZZIJ,train,2293
6133-OZILE,train,1614
4135-FRWKJ,train,1520
2911-UREFD,train,2841
3744-ZRRDZ,train,1522
5673-TIYIB,train,2920
6551-ZCOTS,train,3597
7191-ADRGF,test,768
5018-LXQQG,test,293
6892-BOGQE,train,144
1602-IJQQE,train,2146
4628-WQCQQ,train,1452
1746-TGTWV,train,933
5995-SNNEW,train,2588
8050-WYBND,train,2984
2821-WARNZ,train,4640
4879-GZLFH,train,5120
1644-IRKSF,train,4998
8314-HTWVE,test,1398
9402-ROUMJ,test,595
2507-QZPQS,train,2156
7159-NOKYQ,test,205
5707-ZMDJP,train,4700
8779-YIQQA,test,23
7136-IHZJA,train,5191
8966-OIQHG,train,3486
7074-STDCN,train,873
3705-PSNGL,test,61
8739-QOTTN,train,422
1399-OUPJN,train,2983
0277-BKSQP,train,1787
6502-HCJTI,train,4251
2606-RMDHZ,test,650
5774-XZTQC,train,4662
2676-SSLTO,test,134
6266-QHOJZ,train,3946
7269-JISCY,train,1824
0363-SVHYR,train,1392
8547-NSBBO,train,280
8258-GSTJK,test,154
6861-OKBCE,train,2939
9940-RHLFB,test,648
6591-QGOYB,train,4167
9070-BCKQP,test,912
6421-SZVEM,test,1234
1328-EUZHC,train,1538
2995-UPRYS,test,875
8878-RYUKI,train,4021
9633-DENPU,test,975
7811-JIVPF,train,4588
7113-HIPFI,train,939
8541-QVFKM,test,1298
6686-YPGHK,train,1214
1383-EZRWL,train,2035
9258-CNWAC,train,4453
5371-VYLSX,train,2915
6374-AFWOX,test,1345
4759-TRPLW,train,2578
5317-FLPJF,train,1990
7621-VPNET,train,4549
6034-YMTOB,test,770
8563-IIOXK,train,4107
4903-CNOZC,train,103
4353-HYOJD,test,902
8020-BWHYL,train,3437
7267-FRMJW,train,1487
2982-VPSGI,train,1997
4188-FRABG,train,1727
8199-ZLLSA,train,4706
4128-ETESU,train,2088
0620-DLSLK,train,2127
4625-EWPTF,train,950
5980-NOPLP,train,2382
3850-OKINF,train,3947
6892-XPFPU,test,228
8010-EZLOU,train,2296
1156-ZFYDO,train,5026
3295-YVUSR,train,1494
8016-NCFVO,train,3837
4119-ZYPZY,train,2267
5549-ZGHFB,train,4609
7577-SWIFR,train,4727
0303-WMMRN,train,2593
6408-OTUBZ,train,756
5204-HMGYF,test,1404
1078-TDCRN,train,5411
3727-OVPRY,train,1794
3797-FKOGQ,train,2672
7622-NXQZR,train,2344
6196-HBOBZ,train,5170
3970-XGJDU,test,895
7017-VFULY,test,99
5562-YJQGT,train,3890
8807-OPMBM,train,1786
5439-WIKXB,train,1743
9874-QLCLH,train,899
8294-UIMBA,train,347
8109-YUOHE,train,5456
5840-NVDCG,train,5037
8092-NLTGF,train,1645
5928-QLDHB,train,906
9840-EFJQB,train,2147
0696-UKTOX,train,308
4801-KFYKL,train,866
3472-OAOOR,train,5481
6135-OZQVA,train,1358
8062-YBDOE,train,1757
2252-JHJGE,test,431
4188-PCPIG,train,5130
6000-APYLU,test,387
7105-BENQF,train,792
7721-DVEKZ,train,2619
3566-VVORZ,train,2541
9507-HSMMZ,train,4856
2480-SQIOB,test,999
0947-IDHRQ,train,4723
7813-TKCVO,train,4568
0128-MKWSG,train,1518
3672-YITQD,test,1093
4350-ZTLPI,train,652
9048-JVYVF,test,1151
0361-HJRDX,train,3471
5727-MYATE,test,334
3823-KYNQY,train,1194
8988-ECPJR,test,598
7570-WELNY,train,1132
3021-VLNRJ,train,305
3776-EKTKM,train,1827
2080-CAZNM,train,5090
1028-FFNJK,train,1403
6907-FLBER,train,5613
3001-UNBTL,train,1387
5982-PSMKW,train,3433
3507-GASNP,train,3013
7096-ZNBZI,train,2016
1902-XBTFB,test,523
1676-MQAOA,train,2259
0786-IVLAW,train,392
7566-DSRLQ,train,3450
0643-OKLRP,train,4388
7245-JMTTQ,train,602
6050-IJRHS,train,3967
6202-JVYEU,train,4931
8591-TKMZH,test,76
0734-OXWBT,train,3834
4282-ACRXS,train,5526
0365-TRTPY,test,127
7349-ALMUX,train,2733
9381-NDKME,test,131
6502-KUGLL,train,1677
1841-YSJGV,train,1066
2794-XIMMO,train,1813
8382-SHQEH,train,4872
3511-BFTJW,test,1194
7668-XCFYV,train,1762
2983-ZANRP,train,3717
7845-URHJN,train,4652
3034-ZBEQN,train,1523
5018-HEKFO,train,3885
2923-ARZLG,test,701
3976-NLDEZ,test,1097
2282-YGNOR,train,5291
5336-UFNZP,train,1118
6854-EXGSF,test,858
1241-EZFMJ,train,1595
9233-PSYHO,train,2981
5376-PCKNB,train,4887
8044-BGWPI,train,2338
4060-LDNLU,train,5405
3589-PPVKW,train,1421
8327-LZKAS,train,101
5887-IKKYO,train,1078
1075-BGWOH,train,4866
1755-RMCXH,train,4769
0302-JOIVN,train,1972
3858-XHYJO,test,443
4299-SIMNS,train,5054
7025-IWFHT,train,4150
6261-LHRTG,train,4361
7841-FCRQD,train,456
2056-EVGZL,train,5565
8777-MBMTS,train,1134
7753-USQYQ,train,695
5366-IJEQJ,train,5599
7661-CPURM,train,4826
6233-HXJMX,train,1574
5902-WBLSE,train,551
1981-INRFU,train,2232
4971-PUYQO,train,1169
3239-TPHPZ,train,5386
5115-GZDEL,train,5107
3338-CVVEH,test,224
8485-GJCDN,train,3361
2615-YVMYX,train,3835
2851-STERV,train,4293
4393-GEADV,train,1353
8486-AYEQH,train,4962
1527-SXDPN,train,3914
6029-WTIPC,train,4192
8634-CILSZ,train,1177
5419-JKZNQ,train,5310
2495-KZNFB,train,1759
1409-PHXTF,train,4800
4560-WQAQW,test,1296
9591-YVTEB,train,4353
9309-BZGNT,train,438
4274-DRSQT,train,3613
2027-DNKIV,train,4501
8075-GXIUB,train,2457
2885-HIJDH,test,1165
5424-RLQLC,train,5172
6682-QJDGB,test,606
6507-DTJZV,train,5082
8780-IXSTS,train,241
7673-BQGKU,train,2817
6723-WSNTY,train,4946
9530-EHPOH,train,5050
2725-IWWBA,train,2268
0345-HKJVM,train,232
1061-PNTHC,train,2068
0394-YONDK,train,5406
6574-MCOEH,train,3832
7399-QHBJS,train,3833
3049-SOLAY,train,1046
0997-YTLNY,test,14
3317-HRTNN,train,3364
9479-HYNYL,train,4646
3235-ETOOB,train,1808
9708-KFDBY,train,161
8058-INTPH,train,5237
3642-GKTCT,train,1170
0774-RMNUW,train,1524
1334-PDUKM,train,5460
0756-MPZRL,train,3205
2242-MFOTG,train,5496
2927-CVULT,train,5206
2144-BFDSO,train,1337
8745-PVESG,train,2887
7647-GYYKX,train,4258
5647-FXOTP,train,3992
5569-OUICF,train,3697
8821-XNHVZ,test,69
2082-OJVTK,train,3942
9700-ISPUP,test,871
9839-ETQOE,train,626
6078-VESFR,train,2885
9027-TMATR,train,1739
5940-NFXKV,train,2047
1941-HOSAM,train,1098
9110-HSGTV,train,4672
0704-VCUMB,train,3428
6171-ZTVYB,train,423
8053-WWDRO,test,860
9564-KCLHR,train,3366
1935-IMVBB,train,1216
2535-PBCGC,train,2250
2082-CEFLT,train,607
1470-PSXNM,test,496
1213-NGCUN,train,4417
2498-XLDZR,train,3367
9866-OCCKE,test,1272
5338-YHWYT,train,3593
7718-UPSKJ,train,1901
8731-WBBMB,train,1147
1448-CYWKC,train,670
7901-IIDQV,train,3208
2690-DVRVK,train,402
5688-KZTSN,train,516
1270-XKUCC,train,1019
0334-ZFJSR,train,4026
2894-QOJRX,train,5072
5747-PMBSQ,train,2418
5583-EJXRD,train,580
4565-EVZMJ,train,3182
3143-JQEGI,train,4144
6386-SZZKH,train,666
3327-YBAKM,train,803
9441-QHEVC,train,1475
6705-LNMDD,train,3843
2580-ASVVY,train,46
3370-GQEAL,train,428
5032-USPKF,train,3590
2982-IHMFT,train,4190
3521-SYVOR,train,2481
4254-QPEDE,train,5156
6283-GITPX,test,1055
9526-JAWYF,train,4524
0771-CHWSK,train,669
9788-HNGUT,train,5422
9495-REDIY,train,2136
5375-XLDOF,train,583
1172-VIYBP,train,1705
5649-VUKMC,train,444
6559-PDZLR,train,4753
8992-OBVDG,train,1993
4273-MBHYA,train,1400
4724-WXVWF,test,501
5701-GUXDC,test,19
1460-UZPRJ,train,5509
6082-GLJIX,train,2668
5143-EGQFK,train,2374
4919-IKATY,test,246
2495-TTHBQ,train,439
0485-ZBSLN,train,5324
3810-PJUHR,train,3753
9050-QLROH,test,1155
0847-HGRML,train,1822
8232-CTLKO,train,2925
9227-YBAXE,train,412
6168-WFVVF,train,2951
9860-LISIZ,test,620
0112-QAWRZ,train,5408
0877-SDMBN,train,4934
2786-GCDPI,train,4009
4043-MKDTV,train,4460
8065-YKXKD,train,2803
9637-EIHEQ,train,3663
9229-RQABD,train,1648
8313-KTIHG,train,4564
5320-BRKGK,train,1590
6284-KMNUF,test,927
9689-PTNPG,train,3617
9465-RWMXL,test,218
6229-UOLQL,train,1958
2362-IBOOY,train,2638
3137-LUPIX,train,3105
0843-WTBXE,train,253
6143-JQKEA,train,5610
8676-OOQEJ,train,1439
5515-IDEJJ,train,5596
9701-CDXHR,test,24
7450-NWRTR,train,5281
8124-NZVGJ,train,1740
2162-FRZAA,train,4733
5376-DEQCP,test,124
5118-MUEYH,train,4999
9095-HFAFX,train,536
5627-TVBPP,train,2709
2379-ENZGV,train,352
3936-QQFLL,train,4446
2589-AYCRP,train,4086
4067-HLYQI,test,42
5124-EOGYE,train,519
5057-RKGLH,test,1134
0292-WEGCH,train,1056
8910-ICHIU,train,3575
4097-YODCF,train,4622
9715-WZCLW,test,1079
9786-YWNHU,train,5510
6407-GSJNL,train,416
6005-OBZPH,train,3543
4049-ZPALD,train,4905
7932-WPTDS,train,2548
3733-UOCWF,test,767
6833-JMZYP,train,1673
2722-VOJQL,train,5534
1310-QRITU,test,864
8961-QDZZJ,train,2989
9715-SBVSU,train,1891
8490-BXHEO,train,4207
7173-TETGO,train,4188
7929-SKFGK,train,2627
2300-RQGOI,train,1446
3563-SVYLG,test,640
5228-EXCET,test,1339
6435-VWCCY,train,345
4998-IKFSE,train,1970
8630-QSGXK,train,2121
2455-USLMV,train,16
7394-FKDNK,train,2832
9488-FVZCC,train,848
6331-LWDTQ,test,1160
5995-WWKKG,train,3155
1597-FZREH,train,635
7879-CGSFV,test,916
9921-EZKBY,train,1324
7432-FFVAR,train,1217
7246-ZGQDF,train,1237
7000-WCEVQ,train,745
0727-IWKVK,train,2466
5959-BELXA,train,891
4456-RHSNB,train,1095
3512-IZIKN,train,3318
2481-SBOYW,train,70
7109-MFBYV,train,3206
1833-TCXKK,test,1106
1832-PEUTS,train,1005
6141-OOXUQ,train,3278
8660-BUETV,train,3588
0580-PIQHM,train,919
5696-CEIQJ,test,397
7503-ZGUZJ,train,2770
1696-HXOWK,train,4663
3026-ATZYV,train,4451
4012-YCFAI,test,1230
2506-TNFCO,train,1969
9970-QBCDA,train,2411
8718-PTMEZ,train,1802
9496-IVVRP,train,489
2207-OBZNX,train,3836
2657-VPXTA,train,4990
6551-VLJMV,train,4057
1221-GHZEP,train,3088
9289-LBQVU,test,667
6142-VSJQO,train,1166
3458-IDMFK,train,1548
6933-FHBZC,test,985
0221-NAUXK,train,1690
9770-KXGQU,train,1907
6437-UKHMV,train,3595
6538-POCHL,train,5053
6726-NNFWD,test,332
3002-WQZWT,train,2311
4277-UDIEF,train,4985
1208-NBVFH,train,312
4912-PIGUY,train,3415
1114-CENIM,train,4216
6060-DRTNL,train,297
2725-TTRIQ,train,3091
3374-TTZTK,train,3867
8990-ZXLSU,train,727
2275-RBYQS,train,4982
8473-VUVJN,train,3029
6289-CPNLD,train,591
5536-SLHPM,train,4720
4419-UJMUS,test,316
7794-JASDG,train,663
7609-YBPXG,train,501
5519-TEEUH,test,289
7856-GANIL,train,39
0804-XBFBV,train,1361
2676-OXPPQ,train,603
3703-TTEPD,train,1948
2799-TSLAG,train,4508
0196-VULGZ,train,5532
8837-VVWLQ,train,1954
2696-NARTR,train,2833
2208-NKVVH,train,1374
7614-QVWQL,train,2218
1976-CFOCS,train,999
4631-OACRM,test,653
7139-JZFVG,train,718
4987-GQWPO,train,5531
3755-JBMNH,train,1977
1757-TCATG,train,4396
6345-ULYRW,train,2543
4776-XSKYQ,train,4297
8048-DSDFQ,train,5416
5753-QQWPW,test,922
6010-DDPPW,train,2317
1809-DMJHQ,test,254
6693-FRIRW,train,5312
6586-MYGKD,train,178
3173-NVMPX,test,385
0248-PGHBZ,train,3579
0623-GDISB,train,5154
2892-GESUL,test,382
6923-EFPNL,train,1416
7472-EQOAV,train,339
9574-RKJIF,train,3530
2043-WVTQJ,train,2271
8034-RYTVV,test,1004
3863-QSTYI,train,1965
2619-WFQWU,train,4462
5044-LRQAQ,train,4285
1716-LSAMB,test,991
1333-PBMXB,train,2791
6546-OPBBH,train,2613
5985-BEHZK,train,2021
9127-QRZMH,train,4850
5919-VCZYM,train,1650
9644-KVCNC,train,5605
2137-DQMEV,train,5430
8174-LNWMW,train,3537
9279-CJEOJ,test,1171
7964-VEXDG,train,2349
2404-JIBFC,train,4060
0778-NELLA,test,1378
8029-XYPWT,train,2140
4614-NUVZD,train,273
4632-PAOYU,train,3775
3803-KMQFW,train,4470
6804-GDMOI,train,741
2990-OGYTD,train,1683
6646-JPPHA,train,5348
9572-MTILT,train,4841
7658-UYUQS,train,4434
7880-XSOJX,train,3426
9611-CTWIH,test,29
4589-IUAJB,train,2224
0329-GTIAJ,train,1135
8746-BFOAJ,train,3186
8457-XIGKN,test,791
6072-NUQCB,train,721
6629-CZTTH,train,368
8838-GPHZP,train,4028
8750-QWZAJ,train,1458
5364-EVNIB,train,1637
6918-UMQCG,train,1620
0675-NCDYU,train,2272
6339-DKLMK,train,597
1346-PJWTK,test,587
5088-QZLRL,train,5118
8023-QHAIO,train,5503
4397-FRLTA,train,1526
3057-VJJQE,train,1247
5087-SUURX,train,3111
2302-OUZXB,train,4972
8133-ANHHJ,train,5363
2270-CHBFN,train,4512
0013-EXCHZ,train,4671
5982-FPVQN,train,704
9107-UKCKY,test,704
4654-ULTTN,test,1268
5550-VFRLC,train,3660
5546-BYZSM,train,1517
1492-KGETH,train,4008
4929-BSTRX,train,733
4163-HFTUK,train,3560
8215-NGSPE,train,4366
2225-ZRGSG,train,3371
8859-YSTWS,train,1171
5271-YNWVR,test,1100
7601-DHFWZ,train,2373
2657-ALMWY,train,3566
6330-JKLPC,train,529
4667-OHGKG,test,575
1998-VHJHK,train,5547
1707-HABPF,test,421
1660-HSOOQ,train,4912
7253-UVNDW,train,4697
0487-VVUVK,train,3508
7228-OMTPN,train,3115
5063-IUOKK,test,779
4508-OEBEY,train,3773
0027-KWYKW,train,4858
2308-STERM,test,204
5982-XMDEX,train,1282
6284-AHOOQ,test,632
6051-PTVNS,train,4474
2344-JMOGN,train,1952
3799-ISUZQ,train,334
2877-VDUER,test,58
9152-AMKAK,train,2855
1794-HBQTJ,train,716
9432-VOFYX,train,3409
8049-WJCLQ,train,1893
6586-PSJOX,train,807
2460-FPSYH,train,5344
9705-ZJBCG,train,413
4818-DRBQT,train,5098
1320-HTRDR,test,728
6847-KJLTS,train,405
9670-BPNXF,train,4039
3913-FCUUW,test,1408
3301-VKTGC,test,57
1493-AMTIE,test,410
9555-SAHUZ,train,369
0816-TSPHQ,test,611
9932-WBWIK,train,4767
4619-EVPHY,test,197
5286-YHCVC,train,3921
6424-ELEYH,train,3979
4391-RESHN,train,472
9115-YQHGA,test,342
4462-CYWMH,train,4839
8963-MQVYN,train,4874
2458-EOMRE,train,1426
9334-GWGOW,test,973
6821-BUXUX,test,1327
5028-HTLJB,train,4935
9801-GDWGV,train,1560
6542-LWGXJ,test,866
5567-GZKQY,train,2739
1222-LRYKO,train,471
2320-JRSDE,train,1784
2087-QAREY,test,716
0601-WZHJF,train,3997
4423-JWZJN,train,3547
5143-WMWOG,train,1470
6490-FGZAT,train,5633
5393-RXQSZ,train,1048
7452-FOLON,train,2065
2320-TZRRH,test,815
0231-LXVAP,train,3996
9444-JTXHZ,train,1555
4942-VZZOM,train,2751
5510-BOIUJ,train,1593
7502-BNYGS,train,4784
4291-HYEBC,train,353
6147-CBCRA,train,4614
6047-SUHPR,train,979
4471-KXAUH,train,2820
9752-ZNQUT,test,269
7638-QVMVY,train,4238
1576-PFZIW,train,1844
5666-MBJPT,test,694
7312-XSBAT,train,1658
3096-GKWEB,train,2073
2371-JQHZZ,train,3249
0674-GCDXG,train,3904
1121-QSIVB,train,5180
4396-KLSEH,test,971
3244-DCJWY,test,1366
2824-MYYBN,train,3322
0875-CABNR,train,5317
6345-HOVES,train,829
8318-LCNBW,train,1711
6469-QJKZW,train,3295
0147-ESWWR,train,3676
1217-VASWC,test,258
7812-FZHPE,train,3870
6370-ZVHDV,test,176
5915-DGNVC,train,3865
6260-XLACS,train,1367
3566-CAAYU,train,3389
4983-CCWMC,test,427
9103-CXVOK,train,4809
2896-TBNBE,train,533
4797-AXPXK,train,3893
5229-PRWKT,train,401
6982-UQZLY,train,4195
2522-WLNSF,test,1174
3841-CONLJ,train,1572
5057-LCOUI,train,2974
0193-ESZXP,train,2655
4475-NVTLU,train,3170
4369-HTUIF,train,4429
9386-LDCZR,train,1231
9585-KKMFD,train,3522
5399-ZIMKF,train,4145
0336-KXKFK,train,5375
5619-XZZKR,test,1287
3948-FVVRP,test,1266
5327-XOKKY,train,5424
0983-TATYJ,test,1189
1813-JYWTO,train,1278
0156-FVPTA,train,2959
1984-FCOWB,train,1882
0654-HMSHN,train,3402
6719-OXYBR,train,1336
3312-ZWLGF,test,700
6476-YHMGA,train,3640
5287-QWLKY,train,2383
0795-XCCTE,train,1100
0168-XZKBB,train,37
3785-NRHYR,train,5255
5196-SGOAK,test,813
4537-DKTAL,train,341
7072-MBHEV,train,2380
5602-BVFMK,train,221
6297-NOOPG,test,106
1891-UAWWU,train,2171
8204-TIFGJ,train,1729
8050-DVOJX,train,1557
6108-OQZDQ,train,317
0363-QJVFX,test,301
8903-XEBGX,test,493
8169-SAEJD,train,120
9840-DVNDC,test,685
1089-XZWHH,train,5373
2325-WINES,train,687
6064-ZATLR,test,748
3096-JRDSO,train,5371
7824-PANSQ,train,4305
8042-JVNFH,train,1422
9648-BCHKM,test,361
2888-ADFAO,train,3032
8707-HOEDG,train,4557
3374-LXDEV,test,1061
4072-IPYLT,train,4447
7167-PCEYD,test,209
4936-YPJNK,train,1923
1580-BMCMR,train,4178
4817-KEQSP,train,1001
6408-WHTEF,train,1703
9251-AWQGT,train,2092
8749-CLJXC,test,416
7989-VCQOH,train,2352
5049-GLYVG,train,4488
4199-QHJNM,train,3289
8882-TLVRW,train,4404
5883-GTGVD,train,1953
5135-GRQJV,train,3533
2384-OVPSA,train,3677
1371-WEPDS,train,4739
3580-GICBM,test,1143
4817-QRJSX,train,2649
9730-DRTMJ,train,461
4686-UXDML,test,5
3349-ANQNH,train,4198
2398-YPMUR,train,2970
0932-YIXYU,train,4920
7480-SPLEF,train,1357
7636-XUHWW,train,4233
1431-CYWMH,train,2314
5937-EORGB,train,4373
6349-JDHQP,test,1256
5539-HIVAK,train,1622
5847-MXBEO,train,5308
9985-MWVIX,train,1742
4583-PARNH,train,5238
1116-FRYVH,train,4889
1421-HCERK,train,3393
9633-XQABV,train,1234
0716-BQNDX,train,2134
1265-XTECC,train,4499
1183-CANVH,train,697
1972-XMUWV,train,8
8679-LZBMD,train,557
3407-JMJQQ,train,1826
6252-DFGTK,train,4344
1539-LNKHM,train,2488
8645-KOMJQ,train,3457
0289-IVARM,test,438
9761-XUJWD,train,3514
4057-FKCZK,train,5376
4291-TPNFG,train,5128
6087-YPWHO,train,191
3090-QFUVD,test,1065
2237-ZFSMY,train,1256
1722-LDZJS,train,3769
1818-ESQMW,train,5321
4871-JTKJF,train,5410
1415-YFWLT,train,2020
7401-RUBNK,train,459
0506-YLVKJ,train,4824
8661-BOYNW,train,95
6711-VTNRE,test,1331
4815-GBTCD,train,5198
2805-AUFQN,test,937
0980-PVMRC,train,3213
7233-DRTRF,train,3731
3500-RMZLT,train,900
3873-NFTGI,train,4323
1162-ECVII,train,1146
7048-GXDAY,train,4232
8571-ZCMCX,train,4072
1169-WCVAK,test,257
4548-SDBKE,train,3858
8066-POXGX,train,892
7129-CAKJW,train,1541
8695-ARGXZ,train,3823
3570-YUEKJ,train,3387
4143-OOBWZ,train,4105
1555-HAPSU,test,482
1697-NVVGY,train,1014
7854-EKTJL,test,1247
8464-EETCQ,train,1940
2419-FSORS,train,2104
8132-YPVBX,test,275
9102-IAYHT,train,641
6754-LZUKA,train,3925
3422-LYEPQ,test,1083
8099-MZPUJ,train,1180
0787-LHDYT,train,2461
2642-DTVCO,train,5519
0374-IOEGQ,train,2904
4361-JEIVL,train,631
3197-NNYNB,train,4505
3396-DKDEL,test,1051
1752-OZXFY,train,1409
9066-QRSDU,train,1151
9112-WSNPU,test,591
9867-NNXLC,train,2670
5321-NTRKC,train,569
1363-TXLSL,train,231
9507-EXLTT,test,940
3161-GETRM,train,2445
0402-OAMEN,test,354
6933-VLYFX,train,1542
6754-WKSHP,train,5572
9846-GKXAS,train,3895
6017-PPLPX,train,2446
4976-LNFVV,train,3831
5055-MGMGF,train,2159
4641-FROLU,train,3702
2862-JVEOY,train,4775
2969-QWUBZ,train,4859
9822-BIIGN,test,918
2077-MPJQO,test,1048
1534-OULXE,train,89
7136-RVDTZ,train,658
2971-SGAFL,test,407
1480-IVEVR,train,1933
2905-KFQUV,train,4003
4581-SSPWD,train,4987
3370-HXOPH,train,5588
9391-YZEJW,train,1552
9958-MEKUC,train,1106
0281-CNTZX,train,1354
6927-WTFIV,train,5403
4118-CEVPF,train,230
3398-ZOUAA,train,4795
9114-VEPUF,train,4530
7876-BEUTG,test,1255
2338-BQEZT,train,2677
9873-MNDKV,train,1490
0378-NHQXU,train,4203
8241-JUIQO,test,1303
2194-IIQOF,train,69
4512-ZUIYL,test,1064
9631-RXVJM,train,2503
9584-EXCDZ,train,3394
7969-AULMZ,train,364
5093-FEGLU,train,194
2621-UDNLU,train,3741
7526-IVLYU,train,3551
2428-HYUNX,train,3935
9214-EKVXR,train,2193
3410-MHHUM,train,2625
0568-ONFPC,train,2356
0733-VUNUW,test,908
4550-EVXNY,train,3347
2122-YWVYA,train,2022
2968-SSGAA,train,2251
2296-DKZFP,train,3247
4844-JJWUY,train,271
6777-TGHTM,test,717
8909-BOLNL,test,1184
6603-YRDCJ,train,2285
3538-WZPHD,train,4298
3229-USWAR,test,1343
2138-VFAPZ,train,3592
6131-JLWZM,train,2752
4785-QRJHC,test,923
0269-XFESX,train,693
1709-EJDOX,test,338
4316-XCSLJ,train,3239
8610-WFCJF,train,3888
9693-XMUOB,train,573
0383-CLDDA,train,3443
4905-JEFDW,test,459
2709-UQGNP,train,2986
3549-ZTMNH,train,1710
7881-INRLC,train,5457
8033-ATFAS,train,1811
1635-NZATJ,train,140
0562-HKHML,train,5476
8277-RVRSV,train,3983
9943-VSZUV,train,4212
0117-LFRMW,train,1308
6172-FECYY,train,3312
7054-ENNGU,test,353
1455-HFBXA,train,2303
9402-CXWPL,train,2816
1628-BIZYP,test,952
1965-AKTSX,train,4200
0082-LDZUE,train,959
4786-UKSNZ,train,4237
5343-SGUBI,train,3949
0856-NAOES,train,1877
1976-AZZPJ,train,2298
7248-VZQLC,train,4140
6156-UZDLF,train,2635
3099-OONVS,train,4838
9500-WBGRP,train,1935
5183-KLYEM,train,5480
5144-PQCDZ,train,963
8514-VZHEB,train,1915
6625-IUTTT,train,1156
9355-NPPFS,train,3589
0068-FIGTF,train,3829
5965-GGPRW,train,3191
8035-PWSEV,train,3553
2236-HILPA,test,721
1840-BIUOG,train,5221
1356-MKYSK,train,5485
6080-LNESI,test,720
1830-IPXVJ,test,8
5828-DWPIL,train,2181
8398-TBIYD,train,1277
0011-IGKFF,train,1059
4192-GORJT,train,3286
6496-SLWHQ,train,3995
9912-GVSEQ,train,279
2931-FSOHN,train,3074
9418-RUKPH,train,1609
5383-MMTWC,train,1627
9971-ZWPBF,train,1979
4712-AUQZO,train,1909
9711-FJTBX,train,4967
2908-ZTPNF,train,3177
7240-ETPTR,train,1646
2202-CUYXZ,test,762
5995-OIGLP,train,4041
8421-WZOOW,train,3293
6261-RCVNS,train,1528
7951-QKZPL,train,2460
1414-YADCW,train,3355
8756-RDDLT,train,5326
2862-PFNIK,train,4390
5816-QVHRX,train,4303
4430-YHXGG,train,1644
6888-SBYAI,train,4898
7395-XWZOY,test,1206
7169-YWAMK,train,5195
3640-PHQXK,train,4519
6877-LGWXO,train,503
6859-RKMZJ,train,3436
2729-VNVAP,train,4143
2957-JIRMN,train,5506
2049-BAFNW,train,1087
3842-QTGDL,train,1469
7163-OCEQI,train,237
9782-LGXMC,train,608
5975-BAICR,test,56
8019-ENHXU,train,5020
5167-GBFRE,train,4084
9033-EOXWV,test,68
4673-KKSLS,train,2719
4853-OITSN,train,4199
9800-OUIGR,train,1963
1324-NLTJE,train,4148
2324-EFHVG,train,1258
7094-MSZAO,train,3860
1522-VVDMG,test,370
6907-CQGPN,train,4311
0780-XNZFN,train,1333
0239-OXEXL,train,3800
2675-IJRGJ,train,1714
7049-GKVZY,train,3828
8577-QSOCG,train,2365
3721-CNZHX,train,277
0212-ISBBF,train,1058
9185-TQCVP,train,624
3585-YNADK,train,942
5271-DBYSJ,train,3842
1099-GODLO,train,5489
6828-HMKWP,train,2340
5567-WSELE,train,656
1472-TNCWL,train,5229
8063-RJYNF,train,3567
0687-ZVTHB,train,360
2080-GKCWQ,train,114
9661-ACXBS,train,2051
2193-SFWQW,train,809
5656-JAMLX,train,3762
3462-BJQQA,train,5518
0442-TDYUO,train,2361
6733-LRIZX,test,909
9503-XJUME,train,1044
4367-NHWMM,train,2745
3727-RJMEO,train,2108
3779-OSWCF,train,202
6736-DHUQI,train,2119
3915-ODIYG,train,4442
1360-RCYRT,train,5604
2724-FJDYW,train,2004
4451-RWASJ,train,5175
6646-VRFOL,train,111
3460-TJBWI,train,5028
5917-HBSDW,train,3687
5685-IIXLY,train,3378
5671-UUNXD,train,3343
0956-ACVZC,train,699
2325-NBPZG,test,311
4250-ZBWLV,train,4391
4482-FTFFX,train,4592
8859-DZTGQ,train,4915
0440-MOGPM,train,1369
0020-JDNXP,train,3231
3752-CQSJI,train,3477
5025-GOOKI,test,719
4698-KVLLG,test,986
5095-AESKG,train,5347
2887-JPYLU,train,625
4770-QAZXN,train,961
4896-CPRPF,train,3756
1871-MOWRM,train,3556
9714-EDSUC,train,987
2027-OAQQC,train,1629
0282-NVSJS,train,192
9090-SGQXL,train,3317
6595-YGXIT,train,3179
7353-YOWFP,train,3552
9835-ZIITK,train,1596
8008-ESFLK,train,2056
7537-CBQUZ,train,4245
1555-DJEQW,train,3341
5649-TJHOV,train,2975
0519-XUZJU,train,445
3363-EWLGO,train,1938
4750-UKWJK,train,1454
6338-AVWCY,test,1250
1689-YQBYY,train,3212
4487-ZYJZK,train,1276
2959-FENLU,train,2980
0708-LGSMF,train,771
9253-QXKBE,train,163
7634-HLQJR,train,2818
0487-RPVUM,train,4450
4079-ULGFR,train,3757
2516-XSJKX,train,1691
0057-QBUQH,test,28
9445-SZLCH,train,2594
6599-SFQVE,train,815
8331-ZXFOE,train,661
4003-FUSHP,test,305
0356-ERHVT,train,5108
7325-ENZFI,train,1641
4884-ZTHVF,train,4930
3920-HIHMQ,train,1101
3055-OYMSE,train,2734
0613-WUXUM,train,3727
7568-PODML,train,510
4458-KVRBJ,train,1577
5349-IECLD,train,1951
1397-XKKWR,train,3498
3945-GFWQL,train,1854
8097-OMULG,train,4426
6013-BHCAW,test,189
0401-WDBXM,train,3780
3387-PLKUI,train,1063
6096-EGVTU,test,597
3797-VTIDR,train,1366
5081-NWSUP,test,375
2580-ATZSQ,train,3899
8085-MSNLK,train,1125
9691-HKOVS,train,1394
9881-VCZEP,train,755
9526-BIHHD,train,3602
8757-TFHHJ,test,1149
4523-WXCEF,train,3194
1468-DEFNC,train,1751
5119-KEPFY,train,5498
8364-TRMMK,train,637
0916-KNFAJ,train,2654
8319-QBEHW,train,3490
3063-QFSZL,test,1257
8775-LHDJH,train,3877
9625-QNLUX,train,2908
3097-NQYSN,train,5428
4024-CSNBY,train,1094
7110-BDTWG,train,1679
7493-GVFIO,train,512
0690-SRQID,train,2674
9605-WGJVW,train,3321
9114-DPSIA,test,1328
4700-UBQMV,test,350
7711-GQBZC,train,3424
3565-UNOCC,train,276
4627-MIHJH,test,1241
9795-NREXC,train,224
8573-CGOCC,train,2263
7356-AYNJP,test,432
9249-FXSCK,train,4300
5493-SDRDQ,train,2999
6286-SUUWT,test,928
4819-HJPIW,test,394
8654-DHAOW,train,421
5438-QMDDL,test,1313
9812-GHVRI,test,645
5553-AOINX,train,5359
1228-ZLNBX,train,2106
4226-KKDON,test,47
3831-YCPUO,test,1043
7445-WMRBW,train,860
3308-DGHKL,train,2458
9924-JPRMC,train,1872
0080-EMYVY,train,2949
6218-KNUBD,train,5061
7337-CINUD,test,16
7609-NRNCA,train,537
0623-EJQEG,train,3222
7153-CHRBV,train,263
0871-URUWO,test,27
9190-MFJLN,train,3297
6198-PNNSZ,test,440
3317-VLGQT,train,1918
4132-POCZS,train,3183
5614-DNZCE,train,3261
1095-JUDTC,train,2017
3896-RCYYE,test,1242
9638-JIQYA,test,113
3258-SANFR,train,3176
3726-TBHQT,train,1805
3190-ITQXP,train,4745
0870-VEMYL,test,874
4833-QTJNO,train,4504
3039-MJSLN,train,94
0178-CIIKR,test,52
5385-SUIRI,train,2386
3982-XWFZQ,test,540
5774-QPLTF,test,1114
2322-VCZHZ,train,4676
5010-IPEAQ,train,522
4009-ALQFH,train,177
6383-ZTSIW,test,1312
8990-YOZLV,train,56
3069-SSVSN,test,273
5222-IMUKT,train,3489
3627-FCRDW,train,898
7562-GSUHK,train,1931
6685-XSHHU,train,4080
8901-UPRHR,train,2089
4903-UYAVB,train,58
0118-JPNOY,train,5234
6776-TLWOI,test,625
3845-FXCYS,train,5555
5857-XRECV,test,636
0725-CXOTM,test,1278
4343-EJVQB,train,4677
9000-PLFUZ,train,3540
3427-GGZZI,train,2960
7779-ORAEL,train,4562
0644-OQMDK,train,1060
4077-CROMM,train,1248
3154-CFSZG,train,4882
2868-MZAGQ,train,984
4847-QNOKA,train,3307
2220-IAHLS,train,1601
1658-XUHBX,train,2098
6379-RXJRQ,train,2402
2378-HTWFW,train,775
8650-RHRKE,test,544
4377-VDHYI,test,1036
0475-RIJEP,train,2568
1260-TTRXI,train,415
3719-TDVQB,train,4177
6328-ZPBGN,test,304
0201-MIBOL,train,5407
4937-QPZPO,test,809
2925-VDZHY,test,1156
6981-TDRFT,train,2565
3413-CSSTH,test,946
8033-VCZGH,test,686
4789-KWMXN,train,2105
0224-NIJLP,train,4441
7542-CYDDM,train,2200
4718-WXBGI,train,5299
2867-UIMSS,test,435
8495-PRWFH,test,135
0439-IFYUN,train,5280
5716-LIBJC,train,2569
2868-LLSKM,train,5103
8111-RKSPX,train,2766
2988-QRAJY,train,2912
1585-MQSSU,train,2478
0071-NDAFP,train,3646
2856-NNASM,train,3852
7328-ZJAJO,train,3063
6458-CYIDZ,train,5469
8559-CIZFV,train,3812
1090-PYKCI,train,1736
3058-WQDRE,train,751
7547-EKNFS,train,1198
2279-AXJJK,test,489
6769-DYBQN,test,456
0909-SELIE,test,125
3417-TSCIC,train,4633
1042-HFUCW,train,4073
4439-JMPMT,train,2324
6537-OTKMY,train,4033
8999-EXMNO,train,1752
6725-TPKJO,train,385
2446-BEGGB,train,1724
7162-WPHPM,train,1407
1599-MMYRQ,train,817
8821-KVZKQ,train,1107
1496-GGSUK,train,5273
6434-TTGJP,test,838
0042-JVWOJ,train,2421
0130-SXOUN,train,3480
2575-GFSOE,train,4493
2330-PQGDQ,train,313
1452-UZOSF,train,762
2097-YVPKN,train,1666
2842-JTCCU,train,5630
8597-CTXVJ,train,160
6631-HMANX,train,3359
9962-BFPDU,test,381
3296-SILRA,train,5366
9681-OXGVC,train,4054
6394-HHHZM,train,4059
5995-LFTLE,train,21
5180-UCIIQ,train,5595
1932-UEDCX,train,523
7153-OANIO,train,4581
5188-HGMLP,train,1764
0665-XHDJU,test,152
6521-YYTYI,train,5304
8878-HMWBV,train,2452
8265-HKSOW,train,953
3544-FBCAS,train,2653
5331-RGMTT,test,1390
4759-PXTAN,test,541
7054-DMVAS,train,5578
3428-MMGUB,train,876
6549-BTYPG,train,3873
7823-JSOAG,train,1378
3705-RHRFR,train,2768
9374-YOLBJ,test,981
9074-KGVOX,train,2063
6128-DAFVY,train,5193
9933-QRGTX,train,857
4476-OSWTN,train,1468
3751-KTZEL,train,1232
1977-STDKI,train,2337
5066-GFJMM,train,275
2661-GKBTK,train,4113
0458-HEUZG,train,865
7268-WNTCP,train,5351
0824-VWDPO,train,2007
8409-WQJUX,test,671
2578-JQPHZ,train,158
3278-FSIXX,train,4152
5813-UECBU,train,2956
0328-GRPMV,train,3743
9746-UGFAC,test,247
2946-KIQSP,train,2643
0625-AFOHS,test,574
6726-WEXXK,train,20
4636-OLWOE,train,1989
4342-HENTK,test,1274
4685-ERGHK,train,458
0885-HMGPY,train,1309
5003-OKNNK,train,346
4195-SMMNX,train,2834
7208-PSIHR,train,1108
4012-ZTHBR,train,2511
0489-WMEMG,train,3348
7435-ZNUYY,train,850
1354-YZFNB,train,765
6956-SMUCM,train,2049
2985-FMWYF,test,1172
2812-ENYMO,train,2341
2717-HVIZY,train,4716
3223-WZWJM,train,4126
3422-GALYP,train,3500
9053-JZFKV,train,3970
2530-ENDWQ,train,636
2890-WFBHU,train,5521
0327-WFZSY,test,532
7977-HXJKU,train,4857
6615-ZGEDR,train,5491
7033-CLAMM,train,2997
4023-RTIQM,train,1692
0864-FVJNJ,train,311
7356-IWLFW,train,2381
9541-PWTWO,train,5465
3967-VQOGC,test,1367
7872-RDDLZ,train,4761
9250-WYPLL,train,4943
6308-CQRBU,train,5629
2754-XBHTB,test,55
1597-LHYNC,train,2658
0186-CAERR,train,1034
3043-SUDUA,train,2687
5442-BHQNG,test,321
2169-RRLFW,test,968
5872-OEQNH,train,1807
3162-KKZXO,train,618
7055-VKGDA,train,958
0754-UKWQP,train,599
8873-GLDMH,test,86
5696-JVVQY,test,974
8946-BFWSG,train,1911
7493-TPUWZ,train,4454
0547-HURJB,train,5436
8904-OPDCK,train,372
8845-LWKGE,train,1272
1577-HKTFG,train,32
8752-STIVR,test,987
0691-NIKRI,train,2559
5022-JNQEQ,test,426
4558-FANTW,train,1395
3249-VHRIP,train,3438
3736-BLEPA,train,2180
4701-LKOZD,train,4726
6603-QWSPR,train,578
9921-QFQUL,train,713
1929-ZCBHE,test,690
4378-MYPGO,test,108
8651-ENBZX,train,1123
4129-LYCOI,train,3104
7798-JVXYM,train,325
8647-SDTWQ,train,2673
2696-ECXKC,train,1988
2081-KJSQF,train,2529
7623-TRNQN,test,776
3323-CPBWR,train,5030
9330-IJWIO,train,2781
3384-CTMSF,train,3918
0902-RFHOF,train,3915
9286-DOJGF,test,714
6048-QBXKL,test,1249
9661-MHUMO,test,386
7718-RXDGG,train,3435
1025-FALIX,train,5246
3451-VAWLI,train,1860
3407-QGWLG,train,2360
1842-EZJMK,train,3475
2347-WKKAE,train,1088
8735-DCXNF,train,72
3214-IYUUQ,train,4737
1936-UAFEH,test,682
3587-PMCOY,test,1187
8079-XRJRS,train,1895
1027-LKKQQ,train,1943
7148-XZPHA,train,1185
8073-IJDCM,train,4611
5309-TAIKL,train,2566
6856-RAURS,test,943
8778-LMWTJ,test,684
9717-IOAAF,train,949
8884-ADFVN,test,1164
2845-KDHVX,train,5038
0848-SOMKO,train,5260
2720-WGKHP,train,3267
6734-FQAJX,test,1095
2869-ADAWR,train,579
1535-VTJOQ,train,4550
6368-TZZDT,train,4829
0943-ZQPXH,train,5262
1293-BSEUN,train,2009
9894-EZEWG,train,5488
1302-TPUBN,train,1311
7851-FLGGQ,test,980
0637-UBJRP,train,4224
0940-OUQEC,train,2495
2378-VTKDH,train,2776
0927-CNGRH,train,4136
8608-OZTLB,train,1874
2335-GSODA,test,396
1952-DVVSW,test,1046
0702-PGIBZ,train,60
6656-GULJQ,train,4818
9853-JFZDU,train,3734
1963-VAUKV,test,130
3777-XROBG,train,3953
6994-FGRHH,train,5010
4000-VGMQP,train,4590
3999-WRNGR,train,4294
3466-RITXD,test,763
2680-XKKNJ,train,409
3058-HJCUY,train,3049
2974-GGUXS,train,4926
7994-XIRTR,train,5466
3259-FDWOY,train,1890
2101-RANCD,test,1395
7921-BEPCI,train,1020
0807-ZABDG,train,5265
8510-TMWYB,train,2665
3258-ZKPAI,train,3963
1428-IEDPR,train,4828
5298-GSTLM,train,3410
4450-YOOHP,train,2260
6728-CZFEI,train,2117
5748-RNCJT,train,1974
3653-NCRDJ,train,3881
6121-TNHBO,train,1411
5119-NZPTV,train,481
6519-ZHPXP,test,1394
7739-LAXOG,train,3558
3472-QPRCH,train,623
8224-UAXBZ,train,4873
9610-WCESF,test,1170
9776-CLUJA,train,2077
2486-WYVVE,train,3232
3865-ZYKAD,test,535
1422-DGUBX,train,776
2999-AANRQ,train,4820
8668-KNZTI,train,621
0480-KYJVA,test,475
6034-ZRYCV,train,993
9746-YKGXB,train,5197
3926-YZVVX,test,579
6000-UKLWI,train,3305
2079-FBMZK,train,4678
6332-FBZRI,test,868
2096-XOTMO,train,1182
3266-FTKHB,train,1878
8221-EQDGL,train,3136
2346-LOCWC,test,1059
6608-QQLVK,test,880
0298-XACET,test,1020
7560-QJAVJ,test,329
2995-YWTCD,train,107
3551-HUAZH,train,584
9137-UIYPG,train,2864
2809-ZMYOQ,train,5247
5084-OOVCJ,train,3470
0254-WWRKD,train,3216
7727-SHVZV,train,3920
6302-JGYRJ,train,3310
5339-PXDVH,test,734
2205-LPVGL,train,187
8782-NUUOL,test,1196
3685-YLCMQ,train,3781
7601-WFVZV,train,5139
4609-KNNWG,train,2702
4868-AADLV,train,944
9529-OFXHY,train,3377
8634-MPHTR,train,5070
2669-QVCRG,test,1354
2478-EEWWM,test,196
9174-IHETN,train,212
2233-TXSIU,test,317
9644-UMGQA,train,5199
3256-EZDBI,train,5540
8761-NSOBC,train,4253
0419-YAAPX,train,2931
8413-VONUO,train,2621
0872-CASZJ,train,4497
4726-DLWQN,train,2499
8164-OCKUJ,train,5111
3094-JOJAI,test,1235
9494-MRNYX,train,4948
2599-CZABP,train,3716
7945-PRBVF,train,4171
4544-RXFMG,train,2434
0859-YGKFW,train,389
1150-FTQGN,train,1017
9223-UCPVT,train,5315
7196-LIWRH,train,740
5448-VWNAM,train,1479
1177-XZBJL,train,1676
3518-FSTWG,train,4377
9330-VOFSZ,test,89
4351-QLCSU,train,3645
0939-EREMR,train,234
9389-ACWBI,test,96
5419-JPRRN,train,2240
3644-QXEHN,train,2207
2911-IJORQ,train,1861
5921-NGYRH,test,1263
2100-BDNSN,train,2597
5998-DZLYR,train,646
0488-GSLFR,train,1215
9318-NKNFC,train,3708
3985-HOYPM,test,862
9728-FTTVZ,train,27
9548-LERKT,test,193
6576-FBXOJ,train,5377
4310-KEDTB,train,96
7254-IQWOZ,train,455
2474-BRUCM,train,2660
4062-HBMOS,train,2364
0742-NXBGR,train,1099
2676-ISHSF,train,2729
9236-NDUCW,train,3609
4753-PADAS,test,18
6103-QCKFX,train,4309
7781-EWARA,train,4510
6110-OHIHY,train,571
7018-FPXHH,train,4511
5889-LFOLL,train,1801
5708-EVONK,train,1553
8708-XPXHZ,train,2806
0616-ATFGB,test,566
0572-ZJKLT,train,2204
5135-RDDQL,train,4830
1353-LJWEM,train,1486
1794-SWWKL,train,343
6166-YIPFO,train,504
7016-BPGEU,train,1777
6876-ADESB,train,2580
9332-GYWLO,train,1478
1963-SVUCV,train,2067
4184-VODJZ,test,706
0220-EBGCE,train,2835
1092-WPIVQ,train,431
7233-IOQNP,test,1323
2834-JKOOW,test,299
2754-VDLTR,train,2587
2400-FEQME,train,4220
3190-XFANI,train,1330
7551-DACSP,train,499
4957-SREEC,train,5316
7235-NXZCP,test,20
0230-UBYPQ,test,1261
4923-ADWXJ,train,885
1763-KUAAW,train,1086
1104-TNLZA,train,4257
5195-KPUNQ,train,4369
0520-FDVVT,train,4065
3439-GVUSX,train,1075
1444-VVSGW,test,365
5712-PTIWW,train,4688
5949-HGVJL,test,590
5203-XEHAX,train,5434
1635-HDGFT,train,5576
3315-TOTBP,train,4835
8050-XGRVL,train,2253
6661-HBGWL,test,1120
1518-VOWAV,train,2647
9828-QHFBK,train,3465
3908-MKIMJ,train,1223
5012-YSPJJ,train,1161
5909-ECHUI,train,4375
1309-BXVOQ,train,3799
6728-VOIFY,train,4593
9317-WZPGV,train,5162
4891-NLUBA,train,2249
2856-HYAPG,train,377
8969-PRHFK,train,2700
0661-KQHNK,train,4637
8709-KRDVL,test,581
4488-PSYCG,train,3824
1427-VERSM,train,1568
9801-NOSHQ,train,502
6339-YPSAH,train,4704
3621-CEOVK,train,3747
6906-ANDWJ,train,138
2159-TURXX,test,1305
1548-FEHVL,train,881
3795-CAWEX,train,789
6215-NQCPY,train,1598
5647-URDKA,train,4477
2229-DPMBI,train,1602
9626-WEQRM,train,5472
2188-SXWVT,test,166
6258-PVZWJ,train,2329
1094-BKOSX,train,1825
6969-MVBAI,test,454
2978-XXSOG,train,1035
2342-CKIAO,train,184
6953-PBDIN,test,867
3898-BSJYF,train,595
3938-YFPXD,train,5538
7696-AMHOD,train,2824
2453-SAFNS,train,333
9558-IHEZX,train,5176
9617-UDPEU,train,2400
6340-DACFT,test,964
4955-VCWBI,test,1130
6813-GZQCG,train,5382
7426-GSWPO,train,5464
3389-KTRXV,train,4682
3118-UHVVQ,train,2206
1031-IIDEO,train,1842
5832-XKAES,train,2669
3205-MXZRA,train,5100
4701-AHWMW,test,679
8317-BVKSO,train,2736
5702-KVQRD,test,1227
0083-PIVIK,train,647
9210-IAHGH,train,3381
6169-PGNCD,train,5091
0023-XUOPT,test,1373
4592-IWTJI,train,662
4909-JOUPP,train,3776
4657-FWVFY,train,4814
2257-BOVXD,test,917
7729-JTEEC,train,2933
7632-MNYOY,train,5201
6518-LGAOV,train,1474
7242-QZLXF,train,2563
4576-CSAJH,train,5342
1000-AJSLD,train,3654
9696-RMYBA,train,5378
8690-UPCZI,test,1389
1062-LHZOD,train,3807
9770-LXDBK,train,301
4086-WITJG,test,105
8344-WFMFH,train,2812
9600-NAXZN,train,2339
8822-KNBHV,train,2090
8404-FYDIB,train,225
2791-SFVEW,train,2498
6457-USBER,train,2847
6762-NSODU,train,3605
4662-EKDPQ,train,4612
9248-OJYKK,test,618
9888-ZCUMM,train,3658
3398-FSHON,train,1758
3319-DWOEP,train,1239
1074-WVEVG,train,115
9979-RGMZT,test,725
6437-UDQJM,train,2359
1226-IENZN,train,304
2108-GLPQB,train,4227
9259-PACGQ,train,470
4415-IJZTP,test,38
1465-VINDH,train,4893
5474-LAMUQ,train,329
3468-DRVQJ,train,2882
1122-YJBCS,test,848
4990-ALDGW,train,4980
4816-OKWNX,train,3739
3315-IKYZQ,train,628
2810-FTLEM,train,5278
4747-LCAQL,train,5611
3411-WLRSQ,train,2039
0898-XCGTF,train,4437
8006-PYCSW,train,4768
8249-THVEC,train,2979
8722-PRFDV,train,5585
2164-SOQXL,train,3608
4020-KIUDI,train,5451
5850-BDWCY,test,600
2038-YSEZE,train,2666
0827-ITJPH,train,3766
8799-OXZMD,train,1030
1925-TIBLE,train,4064
1705-GUHPV,test,850
4779-ZGICK,test,738
0048-PIHNL,test,388
0818-OCPZO,train,4134
3967-KXAPS,test,1086
1447-GIQMR,train,845
3704-IEAXF,train,720
6810-VCAEX,train,4741
0674-EYYZV,train,1279
4480-MBMLB,train,3496
1395-OFUWC,test,1202
0822-QGCXA,train,2652
0872-NXJYS,train,610
2832-KJCRD,train,3523
3588-WSTTJ,train,1297
4075-WKNIU,train,819
5090-EMGTC,train,3519
2346-CZYIL,train,682
3798-EPWRR,train,917
6258-NGCNG,test,608
4186-ZBUEW,train,1820
5274-XHAKY,train,3418
1442-BQPVU,train,331
3978-YNKDD,test,1210
4940-KHCWD,test,626
9412-ARGBX,test,1145
1389-CXMLU,train,4520
9589-ABEPT,train,3413
9388-ZEYVT,train,3583
0305-SQECB,train,1351
7605-SNLQG,train,4888
4670-TABXH,train,1642
5561-NWEVX,train,1571
0064-SUDOG,train,182
8561-NMTBD,train,2307
5161-XEUVX,test,643
8292-FRFZQ,train,2859
8591-NXRCV,train,2102
7895-VONWT,train,1701
4526-RMTLL,train,1875
6253-GNHWH,train,5529
4566-NECEV,train,5624
8080-POTJR,train,2815
6906-MPARY,train,5169
3662-FXJFO,train,2472
8107-RZLNV,train,3163
0516-OOHAR,test,1075
2027-CWDNU,train,2606
2737-WFVYW,train,877
9912-OMZDS,train,996
3733-ZEECP,train,5231
7878-RTCZG,train,2521
2452-MRMZF,train,3771
2272-QAGFO,train,1961
7103-IPXPJ,train,3787
4342-HFXWS,train,3447
3545-CNWRG,train,4582
1785-BPHTP,train,5332
4989-LIXVT,train,4403
7315-WYOAW,train,1270
1173-XZPYF,train,207
9850-OWRHQ,train,4266
3768-NLUBH,train,383
8676-TRMJS,test,1158
2509-TFPJU,train,2813
9530-GRMJG,test,253
6898-RBTLU,train,4275
5481-NTDOH,train,3559
2068-WWXQZ,train,2712
7359-SSBJK,train,407
2061-VVFST,test,520
0685-MLYYM,test,538
0749-IRGQE,test,801
2380-DAMQP,train,564
2256-YLYLP,train,281
1272-ILHFG,train,5292
0164-XAIRP,test,255
5666-CYCYZ,train,5438
4011-ARPHK,train,4891
8182-PNAGI,train,356
6365-HITVU,test,464
7558-IMLMT,train,2191
9488-FYQAU,train,2717
3590-TCXTB,train,1290
6994-KERXL,train,649
7957-RYHQD,test,799
2180-DXNEG,train,3639
1960-UOTYM,train,3015
2740-JFBOK,train,5307
6500-JVEGC,train,816
5515-AKOAJ,train,4378
8976-OQHGT,train,76
5245-VDBUR,test,409
6230-BSUXY,test,344
8469-SNFFH,train,5155
2144-ESWKO,train,3069
1241-FPMOF,train,2964
9928-BZVLZ,train,3733
4114-QMKVN,train,4816
2775-SEFEE,train,5361
9003-CPATH,train,3456
1754-GKYPY,train,3100
5294-CDGWY,train,4092
7956-XQWGU,train,3157
1591-MQJTP,train,1510
5295-PCJOO,train,785
2369-FEVNO,test,1067
9863-JZAIC,train,2797
7471-MQPOS,test,1052
7660-HDPJV,train,4109
5115-SQAAU,train,4507
9845-QOMAD,train,1412
7672-VFMXZ,train,1235
9739-JLPQJ,train,3006
9916-AYHTC,train,3299
3855-ONCAR,train,2631
1488-SYSFC,train,1036
7931-PXHFC,train,2917
3990-QYKBE,train,51
0970-QXPXW,train,1029
3259-KNMRR,train,973
6120-RJKLU,train,3822
9572-WUKSB,test,270
5893-KCLGT,train,5426
0076-LVEPS,test,822
3640-JQGJG,train,44
4919-MOAVT,train,5016
1596-OQSPS,train,3625
9867-XOBQA,test,1370
9546-KDTRB,train,1589
3090-HAWSU,train,4473
9820-RMCQV,test,470
3174-RKMOW,train,3492
1760-CAZHT,train,217
7839-QRKXN,train,3517
8441-SHIPE,train,1698
5204-QZXPU,train,3275
4597-ELFTS,train,2405
1320-GVNHT,train,2334
1047-RNXZV,test,578
3541-ZNUHK,train,3190
8450-JOVAH,test,561
8725-JEDFD,train,2796
7562-UXTPG,train,1154
8071-SBTRN,train,793
1113-IUJYX,train,2881
6668-CNMFP,train,365
5626-MGTUK,train,888
5681-LLOEI,train,122
8212-DJRCH,test,1074
4323-OHFOW,train,5497
4933-BSAIP,train,270
2030-BTZRO,train,3219
1116-DXXDF,train,97
9274-CNFMO,train,165
7758-XKCBS,train,4766
8992-JQYUN,train,3789
6563-VNPMN,train,79
0617-AQNWT,train,1789
2267-WTPYD,train,1236
0270-THENM,train,729
2446-PLQVO,train,938
4707-MAXGU,train,2211
2710-WYVXG,train,1734
3005-NFMTA,train,1550
6300-BWMJX,train,4572
8784-CGILN,train,5447
5389-FFVKB,train,4339
7009-LGECI,train,1375
8444-WRIDW,train,3630
5022-KVDQT,train,1841
7976-CICYS,train,175
1036-GUDCL,test,1376
2005-DWQZJ,train,870
8148-WOCMK,train,726
7815-PDTHL,train,3330
9451-LPGOO,train,229
9173-IVZVP,train,3683
9129-UXERG,train,2012
3635-JBPSG,train,4243
7964-ZRKKG,train,3370
5868-YWPDW,train,1047
6229-LSCKB,train,3958
2025-JKFWI,test,601
4078-SAYYN,train,2332
1724-IQWNM,train,4034
8217-QYOHV,train,3650
5546-QUERU,train,1055
9940-HPQPG,train,5364
6897-UUBNU,train,1415
6127-IYJOZ,train,3848
6618-RYATB,train,92
8930-XOTDP,test,737
5916-QEWPT,train,562
5060-TQUQN,train,2052
0531-XBKMM,train,4273
8465-SBRXP,train,2351
2408-PSJVE,test,715
9079-YEXQJ,test,236
9700-ZCLOT,train,4185
8738-JOKAR,train,5277
4534-WGCIR,train,2825
1930-WNXSB,train,2238
2685-SREOM,train,3147
3508-CFVZL,train,1584
0402-CQAJN,train,3323
6692-UDPJC,train,943
1273-MTETI,train,1639
0657-DOGUM,train,3200
5480-HPRRX,test,966
8792-AOROI,train,2044
0295-PPHDO,test,1221
5146-YYFRZ,train,5253
1195-OIYEJ,train,2040
5906-CVLHP,train,824
3452-SRFEG,train,1921
4070-OKWVH,train,375
5297-MDOIR,test,804
6369-MCAKO,train,374
4926-UMJZD,train,3629
6848-HJTXY,test,705
6341-AEVKX,train,2347
4501-EQDRN,train,3290
2990-HWIML,train,854
0682-USIXD,test,1152
6976-BWGLQ,train,4485
7078-NVFAM,train,4476
8065-QBYTO,train,4151
2133-TSRRM,train,4578
7384-GHBPI,train,5290
7603-USHJS,test,441
7234-FECYN,train,2288
2511-ALLCS,train,3988
3191-CSNMG,train,796
7952-OBOYL,test,495
7470-DYNOE,train,381
7853-OETYL,train,109
1545-ACTAS,train,735
5876-HZVZM,train,1418
1400-MMYXY,test,1138
5126-RCXYW,train,2924
3085-QUOZK,train,782
2363-BJLSL,train,3201
1956-YIFGE,test,765
3926-CUQZX,train,5556
7921-LMDFQ,train,4397
2925-MXLSX,train,5168
5820-PTRYM,test,836
9609-BENEA,train,2309
6211-WHMYA,train,4904
4459-BBGHE,train,387
9945-PSVIP,test,1244
1041-RXHRA,train,4234
1750-CSKKM,train,3913
9108-EJFJP,train,4101
0530-IJVDB,train,4058
0508-SQWPL,train,3166
2215-ZAFGX,train,1950
8213-TAZPM,train,736
7142-HVGBG,train,2235
1304-SEGFY,train,1285
7242-EDTYC,train,3528
2904-GGUAZ,train,5368
8267-ZNYVZ,train,4977
5136-GFPMB,test,185
2595-KIWPV,train,2641
5243-SAOTC,train,5345
9398-MMQTO,train,5000
7619-PLRLP,train,2483
6457-GIRWB,train,4149
6508-NJYRO,train,2725
1450-SKCVI,train,2076
4710-NKCAW,train,1283
5306-BVTKJ,train,805
0357-NVCRI,train,2396
5570-PTWEH,train,1195
2371-KFUOG,train,5123
0463-ZSDNT,train,4111
6502-MJQAE,train,786
6257-DTAYD,train,494
4616-ULAOA,train,1498
7693-LCKZL,train,3329
7746-AWNQW,train,23
5996-EBTKM,train,2355
2758-RNWXS,test,1293
2314-TNDJQ,train,1702
2405-LBMUW,train,82
3454-JFUBC,test,97
0032-PGELS,train,1483
9039-ZVJDC,train,135
6797-LNAQX,test,345
9013-AQORL,test,471
2898-MRKPI,train,941
2750-BJLSB,test,977
3648-GZPHF,train,3607
2075-RMJIK,train,11
9588-YRFHY,test,346
6394-MFYNG,train,1768
1564-NTYXF,train,1686
9364-YKUVW,test,959
5392-AKEMH,train,4653
2451-YMUXS,train,1124
3914-FDRHP,train,1026
3078-ZKNTS,train,2622
1024-KPRBB,train,3729
4690-PKDQG,train,2969
8155-IBNHG,train,2433
0886-QGENL,train,2014
9547-ITEFG,train,5370
1264-FUHCX,test,515
7789-CRUVC,test,1002
6598-KELSS,train,1197
8739-WWKDU,test,1040
8685-WHQPW,train,511
4745-LSPLO,train,25
8083-YTZES,test,586
7240-FQLHE,train,218
6664-FPDAC,test,1318
9972-VAFJJ,test,452
0422-UXFAP,test,766
1904-WAJAA,train,2331
5130-YPIRV,train,4825
2843-CQMEG,test,1279
6439-PKTRR,train,974
5351-QESIO,test,31
0786-VSSUD,train,2558
5568-DMXZS,train,640
8468-FZTOE,train,255
6633-SYEUS,train,2695
6447-GORXK,train,5075
6967-PEJLL,test,915
3976-BWUCK,train,4604
5981-ZVXOT,train,3782
1684-FLBGS,train,4606
1389-WNUIB,train,2504
0376-OIWME,train,1013
3585-ISXZP,test,593
0218-QNVAS,train,4968
6583-QGCSI,train,3912
0804-YGEQV,train,3685
7164-BPTUT,train,5106
4174-LPGTI,train,2991
2523-EWWZL,train,1782
0928-XUTSN,train,4695
2108-XWMPY,train,3693
0052-YNYOT,test,924
6304-IJFSQ,test,187
9586-JGQKH,test,141
4501-VCPFK,train,4324
6075-SLNIL,train,41
9347-AERRL,train,3035
0093-XWZFY,train,1594
2274-XUATA,train,3642
1980-KXVPM,test,954
7703-ZEKEF,train,4642
0723-DRCLG,train,3488
5482-NUPNA,test,66
6691-CCIHA,train,5475
1685-BQULA,train,4239
9053-EJUNL,train,2480
0666-UXTJO,train,1265
1471-GIQKQ,test,191
4807-IZYOZ,train,3041
1122-JWTJW,train,2178
9710-NJERN,train,691
9837-FWLCH,train,3603
1699-HPSBG,train,2819
7203-OYKCT,train,1815
1035-IPQPU,test,913
7398-LXGYX,test,753
2823-LKABH,train,5239
8775-CEBBJ,train,1438
0550-DCXLH,train,616
9281-CEDRU,train,677
2235-DWLJU,train,530
0871-OPBXW,train,382
3605-JISKB,train,1511
6894-LFHLY,train,5094
9767-FFLEM,test,324
0639-TSIQW,train,5275
8456-QDAVC,train,4670
7750-EYXWZ,test,352
2569-WGERO,train,406
6840-RESVB,train,1103
2234-XADUH,train,3839
4801-JZAZL,train,5158
8361-LTMKD,test,1088
3186-AJIEK,train,1626
